0,0.61690944,0.43285444,0.8416456,0.6130123,0.45480543,1.0,0.5523289,0.4563961,1.0032839,0.523379,0.51684093,0.9649328,0.51447135,0.5734682,1.008488,0.67369574,0.45321482,0.99356747,0.6759227,0.5104783,0.9570526,0.67926306,0.56328803,0.9573843,0.5645769,0.5696506,0.97449934,0.5489885,0.6523646,1.1331165,0.53785396,0.73126096,1.0874965,0.6380651,0.57092315,0.9845955,0.60800177,0.6472745,1.0491296,0.58461916,0.7159907,1.0664309
1,0.6162626,0.4331006,0.85756636,0.6140523,0.45425647,1.0,0.55326873,0.45583525,1.0110713,0.52453464,0.51646096,0.97398263,0.5156934,0.57203454,1.0103469,0.6748359,0.45267767,0.9907623,0.67704624,0.5101458,0.9597987,0.6803617,0.56382483,0.96030176,0.56432027,0.5688769,0.9886152,0.5499532,0.6516058,1.1433871,0.53779656,0.729914,1.0949875,0.63836575,0.57014,0.9903852,0.6085265,0.64655364,1.0590417,0.58531827,0.71538913,1.0751987
2,0.61732477,0.43287286,0.84050244,0.6145674,0.45524713,1.0,0.5533533,0.45682278,1.015333,0.5257794,0.5166975,0.97990483,0.5169558,0.5721604,1.0160693,0.6757815,0.45367146,0.99394315,0.6790903,0.5110252,0.96378595,0.6812962,0.5645973,0.97142255,0.56548584,0.5683789,1.0062916,0.5522504,0.6515733,1.1606414,0.54011786,0.72972566,1.1031084,0.6393839,0.56963944,1.0111737,0.6096041,0.6465312,1.067153,0.58644205,0.71459943,1.0821536
3,0.61856234,0.43404552,0.8420047,0.61524963,0.4554989,1.0,0.5534135,0.45676085,1.0117263,0.5269123,0.51733506,0.9668224,0.51918274,0.5715994,0.99929255,0.6770858,0.45423692,0.9797801,0.6815027,0.5129182,0.9456264,0.6815027,0.5652896,0.9614531,0.5655599,0.56844455,0.9705388,0.5534135,0.6511031,1.1363351,0.5401629,0.7306067,1.0758704,0.64064664,0.5697065,0.97767407,0.6097286,0.6460552,1.0422715,0.5876442,0.7148322,1.0579082
4,0.6136606,0.43500385,0.882505,0.6169957,0.45596772,1.0,0.5536276,0.45660302,1.0119152,0.528058,0.5188594,0.9543307,0.52027595,0.5703162,1.0006063,0.68036383,0.45533246,0.984946,0.68703413,0.5144125,0.96130407,0.683699,0.56713986,0.99251044,0.56696826,0.5696809,1.0052308,0.5591862,0.65036017,1.1426774,0.5425104,0.73103935,1.0807958,0.6425653,0.5709515,1.0153525,0.6103254,0.6484543,1.0632508,0.5892027,0.71642816,1.0616452
5,0.6095516,0.43381754,0.89750665,0.61735034,0.45546287,1.0,0.55273265,0.45546287,0.9981845,0.5282225,0.5165791,0.9500865,0.5215379,0.56941915,0.9872079,0.681968,0.45546287,0.9882591,0.6886526,0.5153058,0.9553794,0.6841962,0.5675093,0.99532044,0.5672159,0.56941915,0.98051935,0.56164545,0.6502708,1.1328627,0.5427058,0.73048586,1.065165,0.64297456,0.5706924,0.98727655,0.6117798,0.6483609,1.0411577,0.58949786,0.7158435,1.0410656
6,0.60370845,0.43327317,0.905092,0.6148253,0.45391873,1.0,0.549236,0.4536011,0.98579663,0.528114,0.5139496,0.9569626,0.5214439,0.5673104,0.9784126,0.6804146,0.45423633,0.9793534,0.69041973,0.51458484,0.96826696,0.6837497,0.5673104,1.0150791,0.56591123,0.5673104,0.9764769,0.5614645,0.6498925,1.1382623,0.54367757,0.72929853,1.0684326,0.64372903,0.56921613,0.9738699,0.61037856,0.6467163,1.0409526,0.5892566,0.71405256,1.044642
7,0.5936634,0.4316319,0.9181808,0.61192095,0.45344606,1.0,0.5460832,0.45249763,0.9613869,0.5261659,0.5106688,0.94370854,0.51952684,0.5637816,0.9277641,0.6777587,0.45439452,0.9642615,0.6910369,0.5144626,0.9626535,0.6855043,0.5682077,0.98389196,0.56378746,0.5656785,0.95473003,0.56157446,0.6497737,1.1200087,0.5460832,0.7275461,1.0346134,0.64124364,0.56757534,0.935741,0.61026114,0.64597994,1.0056709,0.58923733,0.71237093,1.020576
8,0.5894794,0.43185094,0.91730154,0.61110157,0.4530771,1.0,0.5451262,0.4521267,0.9612864,0.5262761,0.50978583,0.93937844,0.51851434,0.5623761,0.9190712,0.67707694,0.45402756,0.9615962,0.6914917,0.5148548,0.96301395,0.6859476,0.56934583,0.98851264,0.5628675,0.5655441,0.96160567,0.56175864,0.6498152,1.1298798,0.54734385,0.72711647,1.0336732,0.6415944,0.5680786,0.94313455,0.6105472,0.6466471,1.0109831,0.5894794,0.71190965,1.0187112
9,0.5840238,0.4311623,0.9383458,0.6096332,0.45311326,1.0,0.542826,0.45215887,0.95721096,0.5261242,0.5094222,0.93955636,0.51833,0.5615955,0.9090791,0.6764405,0.45406765,0.9608297,0.6920288,0.5157848,0.96846324,0.687575,0.5711394,0.991054,0.5606412,0.5660493,0.9695512,0.55730087,0.6500355,1.0970346,0.55062014,0.72702295,1.0283437,0.6396965,0.56859434,0.9442379,0.6129736,0.64621794,1.0097909,0.5907045,0.7117527,1.006373
10,0.5717984,0.4329322,0.9423964,0.60678315,0.45453572,1.0,0.5401992,0.4542133,0.96228886,0.52439964,0.5109628,0.9258027,0.5153713,0.56319815,0.91095674,0.67336714,0.45485815,0.9456624,0.6902953,0.51934624,0.96670043,0.6891667,0.5741611,0.9735315,0.5582559,0.56964695,0.96945804,0.55374175,0.6509019,1.0759606,0.5526132,0.72957736,1.01896,0.6383824,0.5709367,0.9423378,0.6124259,0.6470326,0.98410785,0.5932407,0.71216553,0.9900832
11,0.5675199,0.43292305,0.94947726,0.60547566,0.45461205,1.0,0.5391947,0.45428833,0.9638082,0.52446556,0.51061505,0.9280868,0.5154015,0.56240976,0.9095092,0.6717567,0.45493576,0.9451399,0.6887518,0.5190317,0.9684019,0.6887518,0.57471097,0.97409374,0.5573228,0.5701789,0.9765643,0.55279076,0.65110815,1.0971997,0.55279076,0.73074245,1.0280807,0.6377664,0.5714738,0.9537395,0.61284024,0.64787096,0.99746764,0.5935791,0.7132617,0.9871777
12,0.5591631,0.43376774,0.95067555,0.60137624,0.4549558,1.0,0.53520435,0.45528173,0.96400297,0.52379537,0.5120005,0.92929506,0.51352733,0.56350374,0.9237039,0.6675481,0.4546298,0.94091403,0.68694335,0.5198238,0.96433246,0.68922514,0.5758906,0.9889163,0.5545995,0.57132703,0.98556685,0.54889506,0.65347147,1.1189756,0.55117685,0.73626775,1.0198956,0.6344622,0.5726309,0.9649013,0.61164427,0.64890784,0.99770516,0.5922491,0.71410185,0.9698538
13,0.5442121,0.43399754,0.9465935,0.5934919,0.45600754,1.0,0.5283519,0.45730227,0.9740769,0.5204218,0.5142694,0.93614775,0.510226,0.56411564,0.9423594,0.6586319,0.45471284,0.94117355,0.6812893,0.5213903,0.96436733,0.6869536,0.5764154,0.9902325,0.5510093,0.5725313,0.9908483,0.5442121,0.6553926,1.1513517,0.54874355,0.7389012,0.9987941,0.631443,0.57317865,0.9744081,0.6110514,0.65086114,1.0079324,0.5917926,0.71365446,0.96244943
14,0.539108,0.43496415,0.9564859,0.5899802,0.45660502,1.0,0.5255421,0.45886603,0.98168874,0.5187591,0.51571363,0.9352277,0.5085847,0.5648094,0.9530741,0.6544183,0.45434403,0.940213,0.67928916,0.52152765,0.9680513,0.6849416,0.5777293,0.9865756,0.5504129,0.5725613,0.98882633,0.54362994,0.6552488,1.1457016,0.5458909,0.7385823,0.98731303,0.63067794,0.5738534,0.9726797,0.61032903,0.65008086,1.0100112,0.59224117,0.7133885,0.9652899
15,0.52546793,0.43741116,0.94500697,0.5829738,0.45931813,1.0,0.5198301,0.46253973,0.9864562,0.5153199,0.5185959,0.92740536,0.5051718,0.5669201,0.9578389,0.64611745,0.4560965,0.9357165,0.6765617,0.5218175,0.9421965,0.6833271,0.5778736,0.98066026,0.5502744,0.57400763,0.947924,0.5423814,0.6551923,1.1457139,0.5423814,0.74024296,0.9760487,0.6303315,0.5752963,0.94981176,0.6111629,0.64939344,1.0019872,0.5942494,0.7118927,0.981405
16,0.50681895,0.4433898,0.9562831,0.57005507,0.46526095,1.0,0.50903773,0.47128344,1.007519,0.50903773,0.52516884,0.9549124,0.5001625,0.5733487,0.9853126,0.6310724,0.45923847,0.9258745,0.6699016,0.5239009,0.9463912,0.67766744,0.5809561,0.9734976,0.54564816,0.5784203,0.9800744,0.54121053,0.65766364,1.1182077,0.5401011,0.7457821,0.9918053,0.6266348,0.5784203,0.9665842,0.6144313,0.65322596,1.0226358,0.594462,0.71218294,1.0018649
17,0.49982864,0.44549116,0.95820576,0.5645144,0.46634224,1.0,0.5042516,0.47266078,1.0021636,0.50646305,0.52636814,0.9520547,0.4987229,0.57502073,0.9901394,0.62477726,0.46002373,0.92626935,0.6656896,0.52257705,0.94261694,0.6745355,0.58133924,0.960042,0.545164,0.57944363,0.9543517,0.540741,0.65842503,1.1005471,0.5396353,0.7468842,0.97004735,0.625883,0.57881176,0.9435936,0.61482555,0.65337026,1.0458139,0.5938165,0.7121324,1.0047641
18,0.4865858,0.45062357,0.9516022,0.5550786,0.46941018,1.0,0.49644876,0.47692484,0.991327,0.5019282,0.531406,0.9413902,0.49535286,0.579625,0.98516834,0.6137085,0.46189553,0.92088443,0.65973574,0.5251438,0.9395355,0.6695987,0.5846347,0.9419607,0.5446677,0.5821299,0.917144,0.5391883,0.65978116,1.082103,0.54028416,0.7493307,0.97910035,0.62466735,0.579625,0.8955548,0.61699617,0.65602386,1.0323074,0.59507847,0.7123837,0.96623623
19,0.46676916,0.46181208,0.96426725,0.54281265,0.4777246,1.0,0.4871188,0.4862929,0.970438,0.4956871,0.5377026,0.9272445,0.48926088,0.5872763,0.9743921,0.5985065,0.46915632,0.90279645,0.6509872,0.5309704,0.9310632,0.66169757,0.5909484,0.9391133,0.5438837,0.58605224,0.8795613,0.53424436,0.6613307,1.060543,0.5406706,0.7512976,0.97989166,0.62314034,0.5823801,0.8615472,0.61778516,0.66255474,1.0418861,0.6006486,0.70906824,0.9583794
20,0.45596063,0.47099537,0.9586854,0.53518426,0.4844866,1.0,0.4811443,0.49258137,0.9671564,0.48953888,0.5441479,0.92581284,0.48534158,0.59391564,0.9708035,0.5892242,0.47639185,0.8908411,0.64483815,0.5369526,0.92155206,0.6521834,0.59811294,0.93599665,0.54305416,0.5891188,0.8548052,0.529413,0.6616717,1.0281212,0.54095554,0.752213,0.9505452,0.62175316,0.58372223,0.8500403,0.6165065,0.6682674,1.0113158,0.60706264,0.7084414,0.98764914
21,0.44499603,0.4824663,0.9589026,0.5254313,0.49316216,1.0,0.47231364,0.5015453,0.9443791,0.48344305,0.5524226,0.92912984,0.479396,0.6032999,0.97450554,0.5785489,0.48477894,0.8772005,0.63621944,0.5443285,0.8951852,0.64026654,0.6085032,0.8972174,0.54313713,0.5882679,0.8013562,0.51784307,0.6628494,0.99022186,0.5401018,0.75188464,0.96494067,0.62205476,0.58248645,0.8110622,0.6149724,0.6738343,1.0122654,0.6139606,0.70852333,0.90651083
22,0.43594724,0.49553055,0.9566837,0.5186698,0.5040222,1.0,0.4676493,0.51251376,0.9477298,0.4775562,0.5623313,0.92816865,0.47260275,0.61441326,0.96277297,0.5696903,0.49553055,0.8818709,0.6291317,0.55667025,0.89822876,0.6291317,0.6223388,0.9048523,0.5488858,0.5900706,0.8443496,0.5062862,0.66140026,1.0533311,0.5399696,0.75141144,1.0221568,0.6251689,0.5866739,0.8431735,0.6112993,0.67385465,0.9560256,0.62318754,0.7117839,0.92436844
23,0.42764613,0.5099709,0.9319236,0.5114249,0.5156831,1.0,0.46191925,0.5235714,0.90657103,0.47048753,0.57198894,0.91441286,0.46572736,0.62421465,0.91770977,0.5609305,0.50779486,0.8490653,0.6218605,0.5703569,0.8911693,0.6142442,0.6361831,0.91506165,0.55045813,0.5921176,0.8393339,0.49619237,0.6622959,1.0197129,0.5390338,0.75205886,0.9952109,0.6247166,0.5888535,0.7681033,0.60472393,0.6737203,0.9669651,0.63042873,0.7183297,0.9128979
24,0.41983256,0.52401346,0.9229538,0.5054792,0.5273977,1.0,0.45718908,0.5349471,0.9089868,0.46356702,0.58232605,0.94761,0.45536682,0.63647354,0.8911716,0.55376935,0.5198483,0.8314226,0.6084374,0.5859707,0.916618,0.5993261,0.6489691,0.92466384,0.5473914,0.5969043,0.8483099,0.48998994,0.6671918,1.0721091,0.53736895,0.75257814,1.0086278,0.62119335,0.5927391,0.8040296,0.5993261,0.67343956,1.0104016,0.6366826,0.72758704,0.9432289
25,0.4151491,0.5377638,0.91947615,0.5002489,0.5395184,1.0,0.45287374,0.5462863,0.8867068,0.45638302,0.59290946,0.9221481,0.44497788,0.64604986,0.8789471,0.54762405,0.53275055,0.7942281,0.5976311,0.599928,0.87307125,0.5800848,0.6640975,0.90752125,0.54674673,0.6029359,0.8180337,0.4809479,0.6706147,1.063236,0.5379735,0.75383455,0.96587706,0.61956406,0.598424,0.81098187,0.59587646,0.68264645,0.93105644,0.641497,0.7367895,0.93665934
26,0.41012037,0.5504429,0.919475,0.49501485,0.55069166,1.0,0.45017314,0.55641353,0.85757995,0.44843173,0.6041783,0.9088244,0.4327589,0.6559235,0.8587129,0.53985655,0.54496986,0.79094553,0.58513355,0.6161195,0.8356385,0.55378795,0.67930835,0.8707122,0.5433394,0.6091538,0.8036181,0.47368237,0.67333776,0.9519952,0.53898585,0.7534433,0.9385185,0.6156085,0.6051734,0.8356453,0.58948714,0.68478143,0.9506017,0.6460835,0.7499605,0.9804115
27,0.4071561,0.5634814,0.9075222,0.48958665,0.5622483,1.0,0.44513458,0.56742716,0.8482991,0.4399557,0.61625665,0.88331676,0.4218296,0.6660725,0.88816917,0.5340387,0.5570694,0.8223094,0.571154,0.6285873,0.85167825,0.5262704,0.6936932,0.8672838,0.53835446,0.61527014,0.810964,0.46757638,0.6764303,0.871763,0.541807,0.7533736,0.94307804,0.61172193,0.61132437,0.8665148,0.5815118,0.68777454,0.95017654,0.6462478,0.76422465,0.95947665
28,0.4043645,0.5755686,0.9307425,0.4845695,0.57337457,1.0,0.44190726,0.578494,0.83935106,0.43166834,0.6287136,0.8931737,0.4086307,0.6755201,0.8997477,0.52723175,0.56825507,0.82999384,0.5536824,0.6428531,0.85282046,0.49907467,0.7037992,0.88143706,0.5332045,0.6238379,0.8286994,0.45897216,0.67893314,0.9352385,0.5442967,0.7530436,0.8958235,0.61170304,0.6204249,0.91054976,0.57672,0.6969732,0.9784704,0.6509523,0.7730339,0.9847456
29,0.39923915,0.58669424,0.9351536,0.4803885,0.5852891,1.0,0.43858427,0.58950466,0.801114,0.42546922,0.6358757,0.8291149,0.39678007,0.68224674,0.8819238,0.5221927,0.5810736,0.80014503,0.53612745,0.656485,0.86470747,0.46809313,0.71456593,0.86750686,0.534488,0.63353366,0.7535161,0.44842055,0.6836519,0.9136832,0.54350466,0.75437945,0.91306186,0.6098996,0.6302549,0.8866928,0.568915,0.7042613,0.974136,0.6566219,0.77264684,1.0503236
30,0.39617613,0.59647447,0.9143126,0.4765402,0.5955696,1.0,0.4365561,0.5996415,0.73485434,0.41834554,0.6444327,0.75867915,0.38588318,0.68831915,0.8640641,0.5165243,0.5914976,0.7439822,0.514149,0.66886437,0.83543587,0.43338907,0.72270435,0.8881842,0.5339431,0.6399084,0.6772738,0.4373479,0.6828899,0.87458414,0.54106903,0.75392246,0.907212,0.60757726,0.6385511,0.84295356,0.55848783,0.70551175,0.93206257,0.6534996,0.7733773,1.0376029
31,0.39254737,0.60411936,0.9049087,0.47136238,0.60389966,1.0,0.43176264,0.6076344,0.71476907,0.41253948,0.6528913,0.7027594,0.37716883,0.69375426,0.8584567,0.5109621,0.6001649,0.74579585,0.4902011,0.6779364,0.8775768,0.40100557,0.7262688,0.9118483,0.5294164,0.648058,0.6468832,0.42945588,0.6827696,0.8004354,0.53941244,0.75351083,0.9271138,0.6016955,0.648058,0.8542046,0.54787064,0.7064964,0.8866916,0.6501379,0.77284384,1.0407304
32,0.38980505,0.6112262,0.92782956,0.46615273,0.61005974,1.0,0.42818302,0.61215943,0.6785329,0.40858576,0.6602194,0.75618565,0.36939123,0.7008137,0.82109797,0.50412244,0.60796005,0.731912,0.46737754,0.6830829,0.9031304,0.37265745,0.72507703,0.89733595,0.52453625,0.65602,0.6790017,0.43308234,0.6896153,0.6668055,0.53841764,0.7516733,0.89816093,0.59475976,0.6550868,0.83695245,0.54168385,0.71061236,0.8433531,0.64865226,0.7722038,0.9897018
33,0.38777828,0.6176599,0.8895167,0.46039954,0.6176599,1.0,0.42063075,0.6216121,0.6546722,0.40247545,0.6715083,0.6988952,0.35492578,0.708066,0.5755148,0.5001683,0.6137077,0.6940855,0.4439733,0.6878111,0.82236916,0.34455132,0.7218986,0.9172387,0.51745915,0.66409796,0.6623455,0.42495346,0.6952214,0.63252085,0.536479,0.7500579,0.8484116,0.5874868,0.66409796,0.80946785,0.53388536,0.71201813,0.8003643,0.64627546,0.77130085,0.91608375
34,0.37991926,0.6228322,0.9000462,0.45649868,0.6241192,1.0,0.41865942,0.62901,0.63420326,0.40874913,0.67740303,0.66673374,0.3628015,0.7124108,0.54391265,0.49433792,0.6192284,0.71809316,0.4204613,0.68924385,0.8700216,0.3267641,0.717559,0.85756826,0.5141585,0.6712252,0.6947467,0.4150557,0.7000551,0.6554574,0.5330781,0.751537,0.8284985,0.5817285,0.6701956,0.83991367,0.5249697,0.71189594,0.797564,0.6429921,0.771615,0.8942611
35,0.37438476,0.6277753,0.92246956,0.4513563,0.6301316,1.0,0.4183685,0.63510597,0.70075023,0.41928482,0.68851477,0.5534477,0.36797047,0.71679,0.5951115,0.4843441,0.62515724,0.7424456,0.39820927,0.6921801,0.92395926,0.31299078,0.7115539,0.8853166,0.51458293,0.6780424,0.73651886,0.40828887,0.7063177,0.6160881,0.5301605,0.75187224,0.791988,0.57597685,0.6749007,0.87031645,0.51549923,0.71417195,0.8434408,0.64011985,0.7712461,0.9041446
36,0.367477,0.6316845,0.9140241,0.44737816,0.631947,1.0,0.42441803,0.6327342,0.62870634,0.4189076,0.69151205,0.51642567,0.367477,0.71722734,0.6132221,0.47033826,0.6311597,0.7753515,0.38400826,0.6920368,0.9157349,0.3059439,0.7077809,0.8905628,0.50982964,0.6846896,0.76970613,0.3931923,0.7083057,0.69883037,0.5263609,0.7539635,0.7440564,0.5686075,0.68101597,0.8885629,0.506156,0.7177521,0.82237434,0.63748777,0.7718068,0.87253296
37,0.3597629,0.6320967,0.9265352,0.4381695,0.6320967,1.0,0.41937026,0.63052464,0.62769145,0.4157021,0.6855468,0.5067409,0.3670992,0.7169881,0.6598749,0.45696875,0.6336688,0.81115496,0.3771866,0.690263,0.9011165,0.30015555,0.7028395,0.92106414,0.49915242,0.68607086,0.7636217,0.39094213,0.7091278,0.8094626,0.5193272,0.7541936,0.6907224,0.56059384,0.6839748,0.93538046,0.49823537,0.72222835,0.8805368,0.6321227,0.76991415,0.84488535
38,0.35329053,0.62886816,0.9275842,0.4293901,0.629916,1.0,0.41563717,0.6272964,0.6692158,0.40830225,0.68440384,0.56828445,0.36429286,0.7111238,0.6570858,0.44314304,0.6325356,0.85295796,0.3679603,0.6859756,0.8905332,0.30194622,0.696978,0.9332068,0.49632105,0.68649954,0.76151216,0.38629755,0.7111238,0.794068,0.5146583,0.7519897,0.7175865,0.5531665,0.68440384,0.98725086,0.49081987,0.7221261,0.9368143,0.6292661,0.76770735,0.83333945
39,0.34682024,0.623609,0.9125855,0.42269996,0.62487686,1.0,0.4124939,0.62107337,0.6062608,0.39474428,0.6778722,0.49393958,0.34770772,0.69663614,0.44153494,0.432906,0.62868035,0.83879334,0.36545736,0.6778722,0.7697004,0.30777103,0.6895362,0.8792341,0.48526743,0.6854792,0.66207975,0.37521967,0.71337146,0.8058524,0.5110044,0.7478565,0.60134935,0.5429538,0.6834507,0.9065951,0.48260498,0.7199642,0.856031,0.62193966,0.7635776,0.82410055
40,0.33995745,0.6185629,0.91811776,0.41456467,0.62165916,1.0,0.40747908,0.6176103,0.6240088,0.39414147,0.6723897,0.6020533,0.36746624,0.6957305,0.49854904,0.4216503,0.62570804,0.7921067,0.37246785,0.6719133,0.68467706,0.31745023,0.68429834,0.85225487,0.48166955,0.6819166,0.58926463,0.37663585,0.71526057,0.7870631,0.50834477,0.7462229,0.5533031,0.53502,0.6809639,0.86066747,0.47750154,0.71811867,0.8095645,0.61838007,0.7614659,0.7416481
41,0.3371848,0.61599016,0.94419444,0.4089322,0.61876965,1.0,0.40204123,0.61691666,0.6311023,0.4150125,0.66972834,0.4899488,0.37285584,0.6956709,0.5059715,0.41582322,0.6206227,0.82178414,0.36312738,0.66694874,0.7243937,0.32097068,0.6822363,0.88355124,0.46770838,0.68316287,0.6116619,0.37366652,0.7155911,0.7747013,0.49932587,0.74570304,0.5180969,0.52688986,0.68038327,0.8487381,0.4709512,0.7183706,0.8210057,0.6095818,0.7609906,0.70930284
42,0.3333009,0.6145167,0.8880875,0.40251303,0.61697453,1.0,0.39899376,0.6158573,0.5951515,0.41932726,0.67261237,0.5745115,0.3794423,0.6940631,0.5504273,0.40603226,0.61809176,0.79119706,0.36145496,0.6645684,0.64618003,0.33173677,0.67931575,0.83459127,0.46625072,0.6819971,0.5728338,0.37083966,0.7146201,0.7897092,0.4889304,0.74456173,0.47087863,0.52255887,0.6779751,0.7911608,0.46546867,0.7173014,0.8156011,0.605457,0.7588622,0.67968726
43,0.32463023,0.61344874,0.9110687,0.392008,0.61521894,1.0,0.38891017,0.6147763,0.59990954,0.41679063,0.6714224,0.46033102,0.3525107,0.6820435,0.49731305,0.39510584,0.6156615,0.8076149,0.3571574,0.66743946,0.6687639,0.33702153,0.6793882,0.87031525,0.4586113,0.6785031,0.5732562,0.3718721,0.7099239,0.7636226,0.49036407,0.7413448,0.48509058,0.5166956,0.67275,0.7810287,0.46325806,0.7130218,0.8068032,0.60033697,0.75771904,0.6793662
44,0.3182668,0.6154172,0.9404796,0.38338938,0.6149661,1.0,0.37983724,0.6172215,0.61837995,0.39878199,0.67134935,0.45440248,0.3561563,0.68668556,0.5113077,0.38694152,0.61271083,0.8455347,0.35536695,0.669094,0.75331014,0.3340541,0.6767621,0.79938996,0.45877367,0.67586,0.5913533,0.37273297,0.7069835,0.7739727,0.4927163,0.73720485,0.545609,0.51402915,0.66728973,0.802637,0.46114177,0.7069835,0.8677854,0.5953337,0.7552475,0.7270663
45,0.31528908,0.61856216,0.9251626,0.37946755,0.6147374,1.0,0.37434903,0.6190122,0.59786534,0.4145098,0.67705965,0.47408482,0.36253706,0.6883092,0.50565076,0.3845861,0.61046255,0.86534417,0.3546624,0.6671601,0.67603904,0.33655068,0.67480975,0.7936564,0.45388308,0.6739098,0.6067295,0.37198663,0.70630836,0.7930709,0.48774412,0.7324072,0.54468006,0.5090057,0.66221035,0.77848315,0.45860788,0.69820875,0.799963,0.5846024,0.74725664,0.7149699
46,0.31261474,0.6205263,0.93104345,0.37896863,0.6156766,1.0,0.37279618,0.6240535,0.5491762,0.41214556,0.67299217,0.48203784,0.36276594,0.68754154,0.57808053,0.38514107,0.6072997,0.918249,0.36276594,0.65844285,0.6517551,0.34270546,0.67299217,0.84021336,0.45843896,0.66990596,0.641842,0.37125307,0.7038545,0.7929319,0.49315903,0.7285443,0.5720151,0.5062755,0.65491575,0.7905337,0.4545812,0.6884233,0.78812885,0.5726294,0.7325123,0.7089517
47,0.3125318,0.62169677,0.91732514,0.3786443,0.6164859,1.0,0.37180507,0.6273418,0.5014851,0.40448138,0.67119974,0.47059953,0.35888654,0.6885691,0.6344883,0.38548353,0.60563,0.9133396,0.36572576,0.65513295,0.65285003,0.34292835,0.67076546,0.8481276,0.46299472,0.66598886,0.6035875,0.37104517,0.69985926,0.7829585,0.4949111,0.72070265,0.57646024,0.50478995,0.65035635,0.74645996,0.4500762,0.677279,0.7246854,0.5625434,0.7163603,0.6957921
48,0.31503424,0.62282956,0.9119388,0.37808704,0.62005806,1.0,0.37249064,0.6356214,0.4985589,0.39636865,0.66674805,0.48780003,0.3583131,0.6855093,0.6396973,0.38368347,0.6044947,0.90177417,0.36875972,0.6505451,0.75384676,0.3411508,0.66973275,0.87447697,0.4605407,0.6624841,0.5593182,0.37249064,0.69659555,0.76093304,0.49561152,0.7127985,0.5728755,0.501581,0.645002,0.6876074,0.44636318,0.66632164,0.71439016,0.5590374,0.69787467,0.7204912
49,0.3172946,0.62277657,0.94681543,0.37942553,0.6202851,1.0,0.37106875,0.6360644,0.5637711,0.388509,0.6742668,0.5850062,0.35726187,0.681326,0.678724,0.38778234,0.60450584,0.95276785,0.37034208,0.6451997,0.79069257,0.34200165,0.66720766,0.92472297,0.4589967,0.6680382,0.6101498,0.37106875,0.6937833,0.8189541,0.4851571,0.7054101,0.6045436,0.50259733,0.64270824,0.66191494,0.4393764,0.6543351,0.7143301,0.55128473,0.67302114,0.6982069
50,0.3196254,0.62366974,0.9215424,0.38203532,0.61897266,1.0,0.37442434,0.6337597,0.54795647,0.4188724,0.67203194,0.64671135,0.37381548,0.6772509,0.7190608,0.38964626,0.60418564,0.9426091,0.37137994,0.64141417,0.89788604,0.341545,0.6654213,0.9420464,0.45966715,0.6695965,0.63047314,0.36772668,0.69255984,0.745157,0.47793347,0.69255984,0.6009449,0.5010708,0.6441976,0.63752663,0.43287656,0.64071834,0.5472964,0.5443011,0.64802486,0.4939535
51,0.32472163,0.62474203,0.8851374,0.38351506,0.6206129,1.0,0.37596062,0.6375049,0.5223323,0.40749228,0.6656581,0.538334,0.37661752,0.6720395,0.6148101,0.39106953,0.60372096,0.84772503,0.3753037,0.6352526,0.7288164,0.34245822,0.66265506,0.84184766,0.43968084,0.66340584,0.505492,0.36413622,0.69080836,0.66592234,0.46267268,0.6840516,0.50095236,0.45938814,0.6472646,0.37696767,0.4357394,0.6318742,0.41501218,0.5355897,0.62361586,0.48863837
52,0.3304102,0.62357324,0.8571424,0.38835347,0.62010616,1.0,0.3844097,0.6381349,0.53505385,0.40261176,0.6637911,0.5086464,0.37894908,0.67003185,0.6024568,0.39229727,0.6020774,0.77474856,0.37834233,0.63050735,0.64472574,0.34315166,0.66171086,0.7026485,0.46631902,0.6589373,0.37481636,0.36560088,0.68875396,0.5363988,0.44933042,0.67141867,0.2808365,0.50575686,0.64888275,0.48524663,0.4408361,0.6173325,0.42823032,0.52456564,0.60346425,0.30651277
53,0.33474725,0.62274414,0.86587,0.39485365,0.6198279,1.0,0.3886162,0.6360292,0.539678,0.39768887,0.661303,0.39997536,0.38237873,0.6625991,0.42339215,0.4010911,0.6036268,0.55690277,0.385781,0.6246883,0.3783506,0.35913005,0.65773875,0.4837979,0.46686792,0.6567667,0.35784626,0.36763567,0.68852097,0.43591326,0.44815555,0.67264384,0.16987404,0.5054267,0.65417445,0.55873954,0.4339795,0.607191,0.3366026,0.509396,0.5696043,0.20936134
54,0.33929706,0.6212502,0.87738186,0.40396053,0.6176157,1.0,0.39282992,0.63669676,0.4835428,0.40396053,0.65426344,0.37362012,0.37798914,0.6585036,0.48471814,0.41509113,0.5985347,0.5560674,0.38911974,0.5682474,0.14357732,0.48240474,0.53856575,0.29632968,0.46279368,0.6563835,0.3594877,0.36897865,0.688791,0.39171016,0.43735233,0.66092664,0.15075308,0.50678605,0.65002316,0.58419263,0.36314836,0.68727666,0.36756635,0.4930053,0.554921,0.17773259
55,0.34407496,0.6193751,0.8565063,0.4046219,0.61530477,1.0,0.3944851,0.63596976,0.44321847,0.38352636,0.674795,0.31086093,0.3703759,0.6538168,0.41224676,0.4147587,0.5946397,0.552541,0.4268133,0.62657654,0.19017896,0.3659924,0.6497464,0.32213426,0.4706482,0.65444297,0.28895584,0.36654034,0.6857537,0.37149185,0.47119614,0.6516251,0.15919617,0.50626403,0.65193814,0.50511324,0.36325273,0.68606675,0.3724213,0.4827028,0.54610825,0.36349118
56,0.34796917,0.6182412,0.85908484,0.40360618,0.6148348,1.0,0.3905485,0.6360839,0.49072278,0.3695427,0.68150187,0.4301126,0.3650009,0.65165573,0.58144325,0.41666383,0.59358567,0.49892023,0.42290878,0.58255565,0.4093266,0.4586754,0.5218902,0.117608115,0.47286853,0.652629,0.27133715,0.36273,0.6853948,0.40268263,0.45640454,0.64841163,0.20350146,0.50409335,0.65165573,0.52733654,0.36556864,0.6853948,0.29277295,0.47059762,0.5371377,0.33381426
57,0.35078192,0.61760443,0.8585874,0.4024552,0.61329144,1.0,0.39142382,0.6322023,0.5524028,0.36936107,0.6507815,0.4543109,0.3565879,0.6497862,0.71559215,0.41348657,0.5943805,0.4852614,0.41813138,0.5791191,0.490889,0.4518061,0.5449466,0.16651042,0.48548084,0.6521086,0.3040542,0.36007148,0.68462217,0.4133088,0.4552897,0.6477956,0.22325438,0.5005764,0.6507815,0.5951951,0.3623939,0.6859492,0.3907355,0.46225688,0.53267115,0.40956175
58,0.35431343,0.61673605,0.8417274,0.4044472,0.61403984,1.0,0.39501026,0.6332507,0.5343774,0.377316,0.64875424,0.5428301,0.34841534,0.64875424,0.76419246,0.41388413,0.5948289,0.47574937,0.41447395,0.5776401,0.5785051,0.445144,0.54258865,0.22215927,0.50176567,0.64875424,0.35152772,0.3584421,0.6824576,0.40352726,0.44986248,0.6470691,0.287029,0.497637,0.6480802,0.5933883,0.36080134,0.68414277,0.37860858,0.45458096,0.53045547,0.42757332
59,0.3564638,0.6166095,0.86122733,0.4024848,0.61394644,1.0,0.39258155,0.63158923,0.49238306,0.37044486,0.64490455,0.66679436,0.33957,0.64756763,0.7780144,0.41238806,0.59630364,0.5301292,0.41005787,0.5769965,0.61748016,0.44093272,0.5447069,0.4344226,0.50501263,0.64790046,0.3912567,0.35762888,0.6785256,0.3618101,0.44093272,0.64790046,0.26653653,0.49802208,0.64956486,0.6486504,0.35821143,0.6825203,0.45117885,0.44617563,0.5224038,0.3436161
60,0.35717252,0.6161999,0.8534608,0.4008355,0.6115015,1.0,0.3940309,0.6298092,0.4209051,0.36624533,0.64341843,0.659258,0.33108813,0.6466587,0.7785857,0.40764013,0.5931938,0.53928256,0.40650603,0.57731634,0.5519657,0.43485865,0.54685754,0.36337197,0.5074413,0.6473068,0.3954273,0.35830662,0.67614543,0.29067403,0.4365598,0.6450386,0.28850096,0.4955332,0.6479549,0.6194322,0.3549043,0.6800338,0.4324478,0.44279736,0.52806383,0.350828
61,0.35701036,0.6156964,0.8693251,0.39466983,0.6116927,1.0,0.38795534,0.63037646,0.42849094,0.3564265,0.6420538,0.73450816,0.31263646,0.6457238,0.7893119,0.4013843,0.59300894,0.55611986,0.40021655,0.5793298,0.44633502,0.42940992,0.5506369,0.29027814,0.49597082,0.64772564,0.41088986,0.35584265,0.6814232,0.29627082,0.43232927,0.67341584,0.27158082,0.49597082,0.64772564,0.66431105,0.35175556,0.6777531,0.38275948,0.43758407,0.53061855,0.26488328
62,0.35688117,0.614539,0.8082577,0.3947051,0.61000717,1.0,0.39531514,0.6270889,0.48232287,0.34895036,0.6413818,0.6701399,0.3019755,0.6469595,0.73561,0.39409503,0.59292537,0.57455987,0.39348498,0.57967824,0.31474847,0.422768,0.6344097,0.2494427,0.48011392,0.64870256,0.47002718,0.35261074,0.6731051,0.29787338,0.42520824,0.6738023,0.31129092,0.4935353,0.6490512,0.70576215,0.34773022,0.6765912,0.39730662,0.4276485,0.66648155,0.31820554
63,0.35713324,0.61307365,0.7906326,0.3893419,0.61125135,1.0,0.3877474,0.6283807,0.474013,0.34055057,0.6404077,0.6869338,0.28761357,0.6462389,0.6436408,0.39093637,0.594122,0.53986716,0.38966078,0.57954377,0.12932858,0.40879464,0.6429588,0.22367996,0.4534403,0.6473323,0.42033744,0.35521984,0.6753953,0.27544433,0.42984188,0.6724797,0.21966721,0.49553478,0.6458745,0.65908957,0.35713324,0.6724797,0.1784645,0.3851962,0.6768531,0.31198716
64,0.35577962,0.61301297,0.5927837,0.3935953,0.61375815,1.0,0.38968334,0.62791574,0.37302244,0.34078375,0.6409556,0.6585475,0.2762363,0.64691675,0.70044315,0.39750728,0.5996006,0.377569,0.39098734,0.6055617,0.13785124,0.35382363,0.64319104,0.16804552,0.44901487,0.6424459,0.32152003,0.36621153,0.6472893,0.28481257,0.42554304,0.6718788,0.18825364,0.49661046,0.64915216,0.5959282,0.38968334,0.66591775,0.24824399,0.3838154,0.6782125,0.25467336
65,0.34263062,0.62113327,0.39046338,0.3865484,0.6155777,0.0,0.38487214,0.6280298,0.35316008,0.33257312,0.6395241,0.65950036,0.2688756,0.6479532,0.7475718,0.38822463,0.6031255,0.2914583,0.3339141,0.6383747,0.16651495,0.3520176,0.6456544,0.08207841,0.5008687,0.63645893,0.3109261,0.36140463,0.63990724,0.21578291,0.36140463,0.6717081,0.15660733,0.49818668,0.64718693,0.516848,0.37347364,0.6717081,0.2322696,0.37950814,0.67937094,0.1611458
66,0.33556318,0.6175814,0.20207521,0.40457106,0.6201067,0.0,0.39811218,0.62457454,0.22625008,0.3314839,0.6424456,0.48165852,0.26485565,0.65099275,0.67974705,0.4110299,0.6156389,0.20814127,0.3348833,0.64011467,0.13570854,0.26757517,0.6498272,0.13061345,0.43754524,0.63428706,0.26326153,0.3484809,0.64011467,0.20237863,0.35324007,0.62729406,0.25602692,0.49601492,0.6517697,0.521631,0.36003888,0.6043724,0.28769407,0.35459983,0.6785764,0.25906384
67,0.33771253,0.6290991,0.28537497,0.39915258,0.61086595,0.0,0.39949203,0.6116418,0.27352428,0.33228135,0.6461684,0.47411352,0.26167622,0.65392727,0.6905262,0.39881313,0.6100901,0.2971772,0.33635473,0.6244438,0.15578309,0.26167622,0.6543152,0.2036132,0.5006474,0.64422876,0.24216878,0.34653816,0.64461666,0.2144838,0.37573066,0.70397156,0.29760814,0.4918218,0.65198755,0.29872,0.34518036,0.67720366,0.47602135,0.36079496,0.70164394,0.32612622
68,0.33977464,0.6227455,0.4928272,0.385369,0.60719097,1.0,0.39829877,0.6079687,0.31515425,0.33024743,0.6449108,0.64211094,0.26219612,0.65929884,0.8004883,0.37243927,0.60641325,0.38844505,0.3486213,0.62080115,0.2976653,0.42143622,0.64918834,0.07757327,0.50445884,0.6305228,0.3691311,0.35338488,0.64568853,0.23090681,0.36835617,0.7207394,0.21652886,0.4813214,0.6538547,0.44323626,0.3445382,0.6791309,0.5401529,0.36087054,0.71646196,0.5534695
69,0.33961558,0.6256811,0.59649897,0.38070148,0.6080728,0.0,0.3964511,0.6076816,0.29086733,0.32728982,0.6464197,0.5446866,0.25949806,0.6605063,0.7219444,0.3649519,0.6084642,0.44301683,0.34577847,0.62294203,0.4827966,0.33961558,0.6581586,0.145931,0.50806785,0.64368063,0.4102822,0.35331088,0.6753755,0.24745731,0.3663214,0.7235047,0.31719375,0.46903622,0.6421155,0.41162714,0.34577847,0.62098557,0.35484624,0.36700618,0.71959174,0.4078068
70,0.33364415,0.62901074,0.5912515,0.37297654,0.61323833,1.0,0.38401723,0.6152099,0.30448276,0.32881385,0.64833194,0.53748775,0.2611897,0.65976685,0.7685323,0.36193588,0.61126673,0.4639145,0.34330472,0.62979937,0.4040923,0.33847442,0.6554295,0.27009708,0.5040846,0.6428116,0.47964567,0.3412346,0.67790514,0.53621036,0.36952633,0.72206783,0.5069137,0.48545343,0.6404457,0.5107786,0.35296533,0.6238847,0.605817,0.43301022,0.668836,0.5226083
71,0.33603016,0.62770855,0.63809705,0.36976776,0.61964303,1.0,0.36288252,0.6347905,0.3913526,0.3257023,0.65092164,0.5639442,0.2616697,0.66075766,0.7201903,0.376653,0.6044955,0.5249286,0.3429154,0.63321674,0.49222875,0.33534163,0.65642977,0.32098353,0.49094775,0.65446264,0.4483428,0.3401613,0.6792494,0.65701294,0.37183332,0.722528,0.55525196,0.49094775,0.6402987,0.54540026,0.35393175,0.6288889,0.63396966,0.43655446,0.6812166,0.6042845
72,0.34129173,0.6262749,0.6788391,0.37234017,0.61898094,1.0,0.3619907,0.63613147,0.41977406,0.32473257,0.64953655,0.57404375,0.26194572,0.660576,0.67474174,0.38268965,0.6018304,0.6150907,0.34129173,0.63652575,0.61047995,0.3240426,0.6550563,0.3786779,0.46824536,0.66175884,0.45130056,0.34060177,0.67950076,0.68168783,0.37303013,0.7205044,0.5848864,0.49515402,0.6440168,0.5312681,0.35923085,0.63613147,0.6706029,0.44133672,0.69527143,0.6539762
73,0.3420816,0.62550724,0.6839489,0.37548733,0.62053615,1.0,0.36922374,0.6378355,0.4017641,0.32677063,0.65095913,0.49213493,0.26274303,0.6605037,0.52178955,0.38175088,0.60323673,0.6080767,0.33512208,0.6398239,0.65872777,0.263439,0.6581176,0.59888256,0.46944085,0.6628898,0.45175105,0.3420816,0.6795926,0.66318905,0.3740954,0.7209521,0.5648748,0.4979749,0.6438008,0.53002495,0.35878444,0.6406193,0.65992445,0.44438657,0.7022608,0.66857433
74,0.3415227,0.62713826,0.6852611,0.37604332,0.6209615,1.0,0.37081292,0.63789797,0.39161333,0.32827234,0.6522442,0.4526205,0.26271796,0.66021436,0.48511893,0.38127375,0.6040249,0.6145931,0.33245665,0.64108604,0.6772207,0.26271796,0.6586203,0.6607107,0.484487,0.66300386,0.46358672,0.34361485,0.68013966,0.6583232,0.37639204,0.72118586,0.556913,0.4998295,0.64268005,0.5296148,0.35825998,0.6442741,0.64148915,0.44961765,0.7016591,0.6591222
75,0.3420532,0.62749153,0.701286,0.37760448,0.6209191,1.0,0.3727249,0.63784826,0.38045257,0.32671738,0.65139157,0.44546708,0.26397985,0.6593582,0.43523824,0.38248408,0.6039899,0.62545526,0.32880864,0.6410349,0.6818136,0.2618886,0.6581632,0.6999732,0.49680576,0.66294324,0.4807552,0.34414446,0.67967325,0.64508677,0.3762103,0.7195066,0.53223515,0.50098825,0.64262825,0.5285299,0.35599488,0.6466116,0.6424614,0.4494041,0.70197994,0.6187225
76,0.34239268,0.62721264,0.70433867,0.37830013,0.6216348,1.0,0.3730709,0.6395636,0.38089848,0.33123696,0.6519146,0.40870628,0.2670916,0.65789086,0.32942873,0.38352937,0.60370594,0.6318798,0.3277508,0.639962,0.69312555,0.26290822,0.65669554,0.72276384,0.49648097,0.6634687,0.4833818,0.34378713,0.67900705,0.6557677,0.37655705,0.72004414,0.5258354,0.5013616,0.6427509,0.5304816,0.3563373,0.6495241,0.6349808,0.44906917,0.7025137,0.6276474
77,0.34388024,0.62631077,0.7219116,0.37927267,0.62115556,1.0,0.3737209,0.63860387,0.36227652,0.33138877,0.6524833,0.38460416,0.2668496,0.6576385,0.31714356,0.38482442,0.6037072,0.6321559,0.32791892,0.639397,0.71441644,0.26337975,0.65644884,0.73395276,0.4993294,0.66319025,0.50117403,0.34318626,0.67706966,0.6410049,0.3764968,0.7195009,0.5216101,0.5007173,0.6417764,0.5254123,0.35498375,0.6524833,0.620548,0.44658768,0.7040353,0.6379661
78,0.34613696,0.62558967,0.7326623,0.38018036,0.6206771,1.0,0.37502226,0.63816553,0.3586248,0.3365085,0.6530995,0.34726456,0.26842168,0.6566364,0.2805285,0.38533846,0.6031888,0.62332857,0.32963106,0.6385585,0.6874945,0.2642952,0.6566364,0.70111954,0.502943,0.6621384,0.49451998,0.3454492,0.6762863,0.5678072,0.3770855,0.71833706,0.48611307,0.4988165,0.64130956,0.5218796,0.35576537,0.65545744,0.6576201,0.44379684,0.7034031,0.6013855
79,0.34802908,0.62748116,0.7305167,0.3857295,0.6203002,1.0,0.38538986,0.6360208,0.34136963,0.3358019,0.6511592,0.33397204,0.26855248,0.6573698,0.3462694,0.38606915,0.6045795,0.6286262,0.33036762,0.6391261,0.69809484,0.26651463,0.65698165,0.6971965,0.50630295,0.6620278,0.48505723,0.34870836,0.6756135,0.4598626,0.378597,0.71637076,0.4151081,0.4981515,0.64106697,0.5289235,0.35482195,0.66086334,0.68818665,0.44516712,0.705114,0.5176079
80,0.3490305,0.62969506,0.7139751,0.38815546,0.6217931,1.0,0.3874809,0.6381754,0.33843797,0.3422848,0.6535941,0.3200095,0.27415338,0.65821975,0.26480317,0.38883004,0.60541064,0.6419852,0.33216628,0.64010274,0.69354683,0.26943138,0.65860516,0.71482885,0.5055304,0.66361624,0.4888578,0.35172877,0.6759513,0.43842524,0.38073522,0.71719635,0.40275276,0.49811015,0.6420301,0.53021526,0.35645074,0.66245985,0.6888718,0.44684294,0.7060178,0.5234162
81,0.34955174,0.6309706,0.7107421,0.38784057,0.6232937,1.0,0.38649708,0.640183,0.35945132,0.34350613,0.65553683,0.32647884,0.27566102,0.65975916,0.2344898,0.38918403,0.60640436,0.65194964,0.33410186,0.6417183,0.68990177,0.27163061,0.660143,0.71909463,0.50337875,0.66513306,0.49430937,0.35022345,0.67780006,0.46041507,0.38045147,0.7188718,0.4389388,0.49867663,0.64248604,0.5397335,0.3569408,0.66359764,0.6879773,0.44695312,0.70735633,0.54394215
82,0.34879625,0.63207406,0.70032674,0.3877793,0.6238166,1.0,0.38576293,0.6409077,0.3472856,0.34341928,0.65588635,0.34059736,0.27620718,0.6604952,0.27956194,0.38979566,0.6067255,0.6318153,0.33602595,0.64167583,0.67540526,0.27284655,0.6604952,0.6933086,0.5047284,0.66587216,0.4755226,0.3508126,0.6789306,0.46224165,0.38240233,0.71848965,0.42672062,0.4993514,0.64167583,0.5294192,0.35820597,0.6639518,0.666408,0.44961447,0.7077357,0.5345681
83,0.34801817,0.6324464,0.69649905,0.38821545,0.62344986,1.0,0.38620558,0.6404859,0.35788617,0.34265852,0.65426785,0.3669698,0.2749931,0.6603931,0.3471917,0.39022532,0.6064139,0.6421666,0.3372989,0.64201725,0.67358416,0.27432314,0.6603931,0.69373095,0.5041176,0.6653699,0.47309053,0.35136795,0.67953473,0.5223394,0.38486567,0.7201148,0.4737249,0.5014378,0.6416344,0.54415584,0.3594074,0.6634558,0.6841706,0.4511912,0.7086299,0.5749053
84,0.3480215,0.6319648,0.7176075,0.3882212,0.6233506,1.0,0.38688123,0.6407705,0.3573078,0.34467155,0.6553189,0.34040952,0.27633208,0.660296,0.28300726,0.3895612,0.60593075,0.6317055,0.3366316,0.6419191,0.67521524,0.2743221,0.6606789,0.69124705,0.5061403,0.66450745,0.45645523,0.3513715,0.6798216,0.5025759,0.38755122,0.71925557,0.41772938,0.5001104,0.6403876,0.5374056,0.35941145,0.66335887,0.66201097,0.45120072,0.7085357,0.52750176
85,0.34841195,0.6316226,0.7167738,0.38865745,0.6226153,1.0,0.3879867,0.6392884,0.35444793,0.34505814,0.65347016,0.32748824,0.27664077,0.6596028,0.29344,0.3893282,0.60594213,0.6334704,0.33633828,0.64197147,0.68812335,0.27529925,0.6603694,0.69577545,0.5060402,0.663819,0.4671811,0.35310724,0.6799172,0.507812,0.3913405,0.7193962,0.43083248,0.5013449,0.6408216,0.53347087,0.36048558,0.6626692,0.6806358,0.45170876,0.70828074,0.55258584
86,0.34913024,0.6316218,0.70804375,0.39043835,0.62183446,1.0,0.3901025,0.63853043,0.3496948,0.34577188,0.65234774,0.33039474,0.27793258,0.65925646,0.321348,0.3907742,0.6051386,0.63288546,0.3370401,0.6412172,0.6886157,0.27658924,0.65964025,0.69451094,0.50831753,0.66347843,0.46986592,0.35383198,0.6795987,0.5119732,0.39480424,0.71759635,0.40665394,0.5029441,0.6400657,0.5336064,0.3625638,0.66232693,0.67284375,0.45256838,0.7072333,0.54439324
87,0.35045367,0.6321493,0.6879994,0.39163703,0.6216262,1.0,0.39063257,0.63827175,0.34937227,0.34777507,0.65166473,0.34325576,0.28081024,0.6585526,0.33158278,0.3926415,0.60498065,0.6318207,0.3384,0.6409503,0.6922365,0.27947095,0.6585526,0.69705045,0.5084907,0.66314447,0.46713194,0.3551412,0.6795987,0.5436232,0.39732903,0.71862954,0.45363265,0.5044728,0.63941973,0.5309895,0.3645163,0.6619964,0.67767966,0.45558843,0.7063846,0.58604884
88,0.3511023,0.63308656,0.6852869,0.39236248,0.6221605,1.0,0.39202702,0.6384538,0.3417812,0.3457351,0.6514883,0.34410492,0.2806581,0.6591557,0.3738077,0.3926979,0.6058673,0.6245096,0.33902615,0.6411373,0.6871538,0.2799872,0.6591557,0.6845546,0.5101049,0.6633728,0.46103528,0.35714036,0.6790909,0.5277813,0.39940688,0.7178112,0.4320975,0.50540864,0.6396038,0.53019,0.365862,0.6622227,0.6726552,0.45643315,0.7070769,0.56435275
89,0.35296163,0.6329013,0.7137065,0.38981566,0.62285465,1.0,0.38609645,0.6390839,0.3708682,0.34619942,0.65260834,0.38021973,0.28331086,0.6595637,0.34502316,0.39353487,0.6066254,0.6339152,0.33943722,0.6421752,0.6736925,0.28128222,0.6595637,0.6871229,0.50375885,0.6642007,0.47497502,0.35769516,0.67927074,0.57593733,0.39894465,0.7206168,0.47679567,0.5078162,0.6402432,0.53512484,0.36716226,0.66226864,0.6682716,0.45709965,0.706706,0.6210394
90,0.35397232,0.6326026,0.73570657,0.39082313,0.62294304,1.0,0.3877804,0.63917094,0.37218797,0.34788686,0.65269417,0.38055822,0.28500387,0.6600353,0.30403268,0.39386585,0.6067152,0.63422406,0.33842063,0.642262,0.6921957,0.2809469,0.6604217,0.7137203,0.5054325,0.66351277,0.48221672,0.35870546,0.67935425,0.6011165,0.39859897,0.7203103,0.47816873,0.50881326,0.6418756,0.54104847,0.36817172,0.66274005,0.6796691,0.45810118,0.7075599,0.6267279
91,0.35470134,0.63334626,0.7172642,0.3920132,0.62326723,1.0,0.3886212,0.6391611,0.3708635,0.34791738,0.65195376,0.3546384,0.28686163,0.6593192,0.26135308,0.39540517,0.60737336,0.6283747,0.34113342,0.6422624,0.6729319,0.28211287,0.6604822,0.7182809,0.50734067,0.6647464,0.47873035,0.36012852,0.6790896,0.56061006,0.39811876,0.72095644,0.47061598,0.5100543,0.64148706,0.53529537,0.36894768,0.6631957,0.6731469,0.4584961,0.70700085,0.6263942
92,0.3544327,0.6336526,0.721896,0.39264962,0.6243762,1.0,0.3896058,0.6406099,0.3673731,0.34834504,0.653365,0.3669197,0.2840865,0.66070884,0.34605747,0.39569345,0.60814244,0.6307844,0.341581,0.6425425,0.6581569,0.2834101,0.66070884,0.67905587,0.51406443,0.6657335,0.47338516,0.36052036,0.6808077,0.5594874,0.39772266,0.7213921,0.46240655,0.510006,0.64176947,0.53526723,0.36931363,0.6641875,0.6602317,0.45927557,0.707864,0.5959885
93,0.353837,0.63490075,0.70910645,0.39217156,0.6250143,1.0,0.38843986,0.64149183,0.36970046,0.34637365,0.6535107,0.38669133,0.28259587,0.66165257,0.39880002,0.39590323,0.6085367,0.6280602,0.34094575,0.6430426,0.65639853,0.28327435,0.6612649,0.66212523,0.51056755,0.66669273,0.48381495,0.35994342,0.68142563,0.5707081,0.3979387,0.7221349,0.46484935,0.51056755,0.64343035,0.5267147,0.36876374,0.6647543,0.6738614,0.45968103,0.70895284,0.6087004
94,0.3536639,0.6345496,0.7095281,0.3929271,0.6248789,1.0,0.38954234,0.6415126,0.37187696,0.34824827,0.6535043,0.38203645,0.28258392,0.66124094,0.39493075,0.39631185,0.60824525,0.6256384,0.3408018,0.6426731,0.65179074,0.28326088,0.66085404,0.6586467,0.51477844,0.6666565,0.4848459,0.3604334,0.681356,0.5606102,0.3969888,0.7215863,0.45772278,0.51071674,0.64228624,0.5265919,0.36855683,0.6647224,0.6725075,0.45994532,0.70882094,0.5910594
95,0.3537029,0.6346795,0.6915469,0.39334255,0.6242251,1.0,0.38961574,0.64087474,0.36386,0.3489597,0.6528779,0.38435692,0.2825549,0.66062194,0.39123863,0.39706933,0.6075755,0.6194383,0.3421837,0.6416491,0.6479727,0.28323248,0.65984756,0.66178536,0.51090616,0.66604275,0.47355694,0.36115652,0.6803692,0.56171536,0.39842454,0.7202507,0.45975935,0.5115838,0.6420363,0.52614033,0.3699653,0.6641067,0.6766486,0.46076375,0.70786035,0.60818785
96,0.35512775,0.6340812,0.7074617,0.39452213,0.62399006,1.0,0.39112607,0.64029115,0.36330307,0.3476564,0.6523229,0.38953185,0.28381032,0.66047347,0.41456038,0.3979182,0.6076889,0.6242243,0.3435811,0.64223176,0.6574853,0.28516874,0.6600853,0.6735237,0.5140637,0.6655191,0.47884518,0.36395752,0.6791034,0.5425555,0.39995584,0.72063243,0.44935673,0.5133845,0.64223176,0.52632,0.37074965,0.66435474,0.67119265,0.46108505,0.70782435,0.58565235
97,0.3564083,0.6352877,0.6867999,0.3965109,0.6244124,1.0,0.39311236,0.6407253,0.34928536,0.35165036,0.65354264,0.3758482,0.28571898,0.66092235,0.39286605,0.39990944,0.6080995,0.6178674,0.345533,0.64266735,0.66466033,0.28707838,0.66092235,0.6804164,0.51206076,0.66635996,0.47168335,0.36456475,0.67995405,0.5469966,0.40126884,0.7207364,0.45261347,0.51477957,0.6430558,0.5245954,0.37136182,0.6651947,0.6730543,0.463122,0.70830745,0.60477346
98,0.35695353,0.6360322,0.6977509,0.39659163,0.62509763,1.0,0.39317456,0.6414996,0.36000505,0.35353646,0.6543868,0.37582153,0.28792858,0.66141623,0.3711331,0.4000087,0.6086956,0.62015986,0.34533545,0.64306164,0.66302145,0.28792858,0.66141623,0.6822511,0.5141391,0.6668835,0.47024426,0.36583793,0.6805519,0.5550116,0.40205896,0.7215568,0.44611374,0.5148225,0.6426711,0.5249933,0.37198868,0.665712,0.6715912,0.46356633,0.7090601,0.6071864
99,0.35719544,0.6348239,0.70565724,0.3969404,0.6246429,1.0,0.39351413,0.6410891,0.365803,0.3565102,0.65440273,0.36932182,0.28866962,0.6610595,0.34109324,0.40036672,0.60819674,0.6267314,0.3448608,0.64265543,0.67770004,0.28798437,0.6610595,0.7025402,0.5175459,0.6669331,0.47946656,0.3661038,0.6802468,0.556048,0.40105197,0.72097063,0.43510163,0.51480484,0.6418723,0.5278579,0.3729564,0.6653668,0.6681123,0.46409574,0.7088318,0.6077715
100,0.3569149,0.6329919,0.71094036,0.39674777,0.6227884,1.0,0.3933139,0.63927096,0.36481082,0.3527943,0.6518292,0.36354756,0.28755078,0.65928555,0.34654945,0.40018165,0.6063059,0.6270834,0.34386623,0.6408407,0.6709163,0.28755078,0.659678,0.69474596,0.5203671,0.66517216,0.47712588,0.36584297,0.6793001,0.55521345,0.4015552,0.71932924,0.44018352,0.5148729,0.64005584,0.5251312,0.37202394,0.6636024,0.6645341,0.46267807,0.70716345,0.5928466
101,0.35863528,0.6301289,0.7073952,0.39687437,0.6199838,1.0,0.394143,0.636372,0.36365277,0.35317254,0.6492485,0.370685,0.2876198,0.6570524,0.36554995,0.39960572,0.6035957,0.62621194,0.34292993,0.6391034,0.6881286,0.2862541,0.65744257,0.7003612,0.5204686,0.6617347,0.49032885,0.36546367,0.67656213,0.56879044,0.40165424,0.716362,0.43565285,0.5150058,0.63871324,0.52323467,0.37160924,0.66095436,0.67717,0.4644756,0.70426595,0.5713306
102,0.3598085,0.62782943,0.7183702,0.39782393,0.6180442,1.0,0.39542657,0.6340919,0.3661638,0.35432878,0.64700836,0.37076488,0.28788736,0.65522796,0.35272053,0.40022132,0.6019965,0.62853944,0.34405434,0.63683176,0.6928648,0.2872024,0.6556193,0.71155906,0.5221448,0.65953344,0.48736763,0.36665812,0.6744069,0.5577567,0.40296116,0.71472186,0.42818794,0.5159801,0.63644034,0.5296974,0.37350777,0.659142,0.68171203,0.46460786,0.7021968,0.5691411
103,0.3601893,0.6263851,0.7168263,0.39822257,0.6162037,1.0,0.39582407,0.63225895,0.36491606,0.35333642,0.6451815,0.374043,0.2889197,0.6537965,0.36169115,0.4006211,0.6001485,0.63226473,0.345113,0.6353917,0.6898132,0.28823438,0.6541881,0.7147896,0.52191645,0.658104,0.48672545,0.36704212,0.6718097,0.5603692,0.4040475,0.71292675,0.43653777,0.5164342,0.6342169,0.5266861,0.37458026,0.6573208,0.6757114,0.4664084,0.7003959,0.5783294
104,0.36008272,0.62450033,0.7162814,0.39818937,0.613907,1.0,0.39578626,0.6303856,0.36691195,0.35458985,0.6437254,0.3797273,0.2886756,0.65196466,0.36060417,0.4005925,0.59742844,0.6354631,0.34429076,0.633132,0.69685626,0.287989,0.65196466,0.72382957,0.5193755,0.6558881,0.48935497,0.36694878,0.6696202,0.5665487,0.40333894,0.7108167,0.44454527,0.51662904,0.63273966,0.5259258,0.37381485,0.65549576,0.67678696,0.46650675,0.6986539,0.59099394
105,0.35809118,0.62227327,0.7048751,0.39709282,0.6112285,1.0,0.3939865,0.6274012,0.3597961,0.35118824,0.63962924,0.38083655,0.28699085,0.64870167,0.3802937,0.40019915,0.59505594,0.62712914,0.3442853,0.63055676,0.6846963,0.28699085,0.64909613,0.7108964,0.5154783,0.6534351,0.48052916,0.36637473,0.66724104,0.56792957,0.40227005,0.7090531,0.45773768,0.51616865,0.6297679,0.52746344,0.37327766,0.6526462,0.6769344,0.46577713,0.69603616,0.60360426
106,0.3588696,0.6181935,0.7256994,0.3989833,0.6083978,1.0,0.39932615,0.62524647,0.36884838,0.3574982,0.63817686,0.38139567,0.29029924,0.6452298,0.31817138,0.39864042,0.591549,0.6313391,0.34309843,0.62681377,0.692354,0.28687072,0.64601344,0.7274194,0.5206957,0.6483645,0.4925009,0.36504093,0.66364586,0.6013838,0.40275466,0.7055717,0.45624912,0.5158958,0.62681377,0.53646886,0.3725837,0.6487563,0.67452866,0.464468,0.69303316,0.58941984
107,0.35856396,0.6153478,0.7168688,0.39728737,0.60457766,1.0,0.39488855,0.6208307,0.36569345,0.3578786,0.63532144,0.38020477,0.29002696,0.6423709,0.34097058,0.39968616,0.5883246,0.62795347,0.34485656,0.62396383,0.7007937,0.28728548,0.6427626,0.7210685,0.5182552,0.64589566,0.49041376,0.3667884,0.65921146,0.5602062,0.40242764,0.70072526,0.45094356,0.51619905,0.62357223,0.52924526,0.3736421,0.64550406,0.6710009,0.46548167,0.6889761,0.59285635
108,0.35952744,0.6134912,0.7157711,0.40017402,0.6023659,1.0,0.4005156,0.61817557,0.3562374,0.35747805,0.63261896,0.37025654,0.28984764,0.6400359,0.34285045,0.39983243,0.58655614,0.62622106,0.3451816,0.6220792,0.6998624,0.28848135,0.6412069,0.7110982,0.52143055,0.6439395,0.49200392,0.36772507,0.65760225,0.56298524,0.40324813,0.69898075,0.4459653,0.5173317,0.62168884,0.5262885,0.37455642,0.6439395,0.67134404,0.46609658,0.68687946,0.5759951
109,0.35989347,0.61235094,0.7048466,0.39862752,0.6011861,1.0,0.39622808,0.6170519,0.362131,0.35509455,0.63076305,0.36905068,0.28928092,0.6389898,0.3423921,0.40102696,0.58532035,0.6292727,0.34549674,0.62096936,0.6979544,0.28859538,0.6397733,0.71417725,0.5196286,0.64251554,0.49483752,0.36812016,0.655835,0.5557559,0.40445477,0.69775194,0.4536075,0.5182575,0.62096936,0.5340456,0.37497574,0.64251554,0.6850281,0.4668406,0.685216,0.59843445
110,0.36050087,0.6104439,0.71592665,0.39913708,0.5995026,1.0,0.3974275,0.6151329,0.3566407,0.35571408,0.62841874,0.36611533,0.29075053,0.6370154,0.335823,0.40084663,0.5838723,0.62638223,0.3454567,0.61904055,0.7017767,0.2893829,0.6381877,0.7168404,0.5212001,0.640923,0.48859766,0.3687068,0.65459955,0.5575153,0.4049496,0.69641066,0.46319273,0.5184648,0.618259,0.52709246,0.37554505,0.640923,0.68654263,0.46786165,0.6835156,0.6007278
111,0.3602482,0.6080545,0.7135725,0.40138644,0.59736925,1.0,0.4024064,0.6131057,0.355941,0.35684836,0.6263166,0.3521303,0.29293108,0.63447624,0.2971853,0.4003665,0.5816328,0.62449646,0.34528884,0.6166027,0.693599,0.28953123,0.63564193,0.72332555,0.5227612,0.6383618,0.48574585,0.36840785,0.65234977,0.540306,0.4044463,0.693148,0.45387697,0.51732147,0.61543703,0.52774227,0.37520754,0.6387504,0.67912734,0.4670036,0.6811028,0.58590925
112,0.36147776,0.6056652,0.7130463,0.40267903,0.5949636,1.0,0.40370053,0.61072415,0.35388413,0.36079675,0.62512267,0.35831445,0.2926955,0.6325165,0.31899896,0.4016575,0.579203,0.6286695,0.34649548,0.61422646,0.70143795,0.29133347,0.6332949,0.7250346,0.52355874,0.6360189,0.48926973,0.36964992,0.65041745,0.5524298,0.40642458,0.69011074,0.43799746,0.51811063,0.6134482,0.5250148,0.37646005,0.63640803,0.6825062,0.4677157,0.6780471,0.5868379
113,0.36436534,0.60457915,0.717154,0.40270275,0.5935287,1.0,0.4010064,0.609232,0.35655367,0.36300826,0.62280273,0.3613227,0.29786858,0.6309452,0.28978735,0.4043991,0.57782537,0.6295309,0.3494375,0.6131094,0.7107084,0.2944759,0.6321084,0.73072916,0.52382183,0.6344348,0.4890945,0.3725078,0.6480056,0.55202204,0.40914887,0.6887179,0.44451594,0.52042913,0.61194617,0.53332305,0.37861466,0.63482255,0.68389654,0.47021732,0.6766981,0.5878023
114,0.3657433,0.60419136,0.71695143,0.4038283,0.5931157,1.0,0.40246812,0.60885483,0.35583985,0.3609827,0.62167937,0.36525935,0.2963742,0.6310063,0.32885972,0.40518847,0.5773764,0.63085634,0.35078135,0.6131297,0.7078926,0.2956941,0.63178355,0.73142797,0.52488416,0.6341153,0.49091262,0.37390438,0.6481057,0.56214035,0.41062918,0.688911,0.4541943,0.5221638,0.6115752,0.5317299,0.38070527,0.6345039,0.68243194,0.47251728,0.6760865,0.59406114
115,0.36684716,0.6045307,0.7113047,0.40477034,0.5927281,1.0,0.40341595,0.60878736,0.3574176,0.36616993,0.62271833,0.3732871,0.29844993,0.6312317,0.3100602,0.40612474,0.57666874,0.62529695,0.35194874,0.61227006,0.70604926,0.29641834,0.6316187,0.73007065,0.5259892,0.6335535,0.4929753,0.37429634,0.6474845,0.55840194,0.41221955,0.6881165,0.4409606,0.5232804,0.6111092,0.5280174,0.38174555,0.6343275,0.6850091,0.47249037,0.67573345,0.5897923
116,0.36732036,0.60316324,0.70762634,0.40556723,0.5919455,1.0,0.4038749,0.60780513,0.3564027,0.36596647,0.6213438,0.36909413,0.29827285,0.62985384,0.3440465,0.40725958,0.57608587,0.6231611,0.35242775,0.6112865,0.7085352,0.29759592,0.6306276,0.72131145,0.5257234,0.63217485,0.49468648,0.37544358,0.646874,0.5684759,0.41267508,0.68749017,0.45709276,0.52436954,0.61051285,0.5283643,0.38221294,0.63294846,0.67644596,0.47427627,0.6747251,0.60557646
117,0.36733294,0.6020285,0.70972353,0.4055461,0.5908206,1.0,0.40385526,0.60666627,0.35832763,0.36733294,0.62019306,0.36488575,0.30172804,0.6286956,0.2711329,0.40723693,0.57497495,0.6343299,0.35245347,0.6101446,0.7314042,0.29767,0.62946856,0.74598384,0.5255963,0.63101447,0.5044461,0.37612534,0.6453142,0.56974643,0.41197133,0.6862811,0.46217126,0.52424365,0.6097581,0.53385854,0.3822124,0.63217396,0.68735266,0.47487086,0.6743002,0.61185926
118,0.36742756,0.60101616,0.71007097,0.40565825,0.59057647,1.0,0.4039666,0.6075893,0.3621989,0.3694575,0.61996233,0.34357315,0.30382255,0.6265355,0.20904079,0.40734985,0.5735636,0.63695276,0.35254127,0.609136,0.7218129,0.2977327,0.6284688,0.7439482,0.52508676,0.63001543,0.5037357,0.37554735,0.64470834,0.58530354,0.4120864,0.684534,0.4547823,0.5244101,0.60874933,0.53525597,0.38299048,0.63078874,0.67890084,0.4743381,0.67293435,0.61540926
119,0.3687954,0.6001164,0.7113715,0.40815288,0.5887753,1.0,0.40983483,0.6047297,0.3660909,0.3620676,0.617032,0.38535073,0.29748094,0.62779635,0.43501067,0.40647095,0.57282084,0.6265508,0.35264874,0.6085742,0.71261775,0.29815373,0.62779635,0.70869815,0.53026205,0.6289497,0.48316807,0.37619594,0.6443275,0.54276717,0.41252595,0.682772,0.4123217,0.52353424,0.6054986,0.53479826,0.38225093,0.6304875,0.67798734,0.47643983,0.6716231,0.5604578
120,0.36907873,0.59971917,0.7163467,0.40874383,0.58857834,1.0,0.4107607,0.60432917,0.36770654,0.36235583,0.61662245,0.38418722,0.29848832,0.62737906,0.39247996,0.40672696,0.5728275,0.6285468,0.35294378,0.60855496,0.7116385,0.29848832,0.6277633,0.7052871,0.53042823,0.62545824,0.48709506,0.3764739,0.64428234,0.54946995,0.41344985,0.68346727,0.42772007,0.52437764,0.6062499,0.53580767,0.3831968,0.63045245,0.6697246,0.47664505,0.6715581,0.5539247
121,0.36807197,0.6004787,0.71427554,0.40814346,0.5887411,1.0,0.40982714,0.60432714,0.3646023,0.36201075,0.6170268,0.38311547,0.29870456,0.6278024,0.39383063,0.40645978,0.57315505,0.6248683,0.3525822,0.6089452,0.7132797,0.2980311,0.6281872,0.71309364,0.5297048,0.62895685,0.4864198,0.37615362,0.6435808,0.54754233,0.41319448,0.68244964,0.41623265,0.52364355,0.6062513,0.53564554,0.38288832,0.6304962,0.6734733,0.47650066,0.6712893,0.56402844
122,0.36828637,0.60092634,0.7060578,0.4055924,0.58921117,1.0,0.40458414,0.6047674,0.35965416,0.36089236,0.6166746,0.38865542,0.29837954,0.62819767,0.38018653,0.40660068,0.573655,0.6179248,0.3528262,0.6093766,0.71308506,0.29770735,0.6285818,0.71353453,0.52624893,0.6289659,0.48133802,0.37568036,0.64509827,0.58105123,0.41332248,0.68504506,0.4627978,0.52356017,0.607072,0.531641,0.38307434,0.63088644,0.6806911,0.47583532,0.67160136,0.58582187
123,0.3665647,0.6011403,0.7141478,0.40432495,0.590159,1.0,0.40365064,0.6061493,0.3682528,0.36184466,0.6184792,0.37270185,0.29778707,0.6288825,0.35685274,0.40499923,0.5741687,0.6242372,0.3517303,0.61038774,0.71779877,0.2964385,0.6292678,0.72388417,0.52839434,0.63003844,0.48352364,0.37465617,0.6450655,0.5683577,0.41174212,0.684367,0.43592292,0.52232575,0.6076905,0.5315447,0.38207334,0.63157976,0.6723939,0.47445112,0.6724224,0.5787255
124,0.36539078,0.6025429,0.71280926,0.40313762,0.59118026,1.0,0.4024636,0.60677975,0.36129367,0.3579762,0.6187201,0.37703583,0.2946154,0.6298901,0.4156112,0.4038117,0.5755808,0.6177425,0.34988758,0.61140186,0.71065104,0.2946154,0.63027525,0.70761085,0.5271631,0.63104564,0.48072076,0.37280533,0.64683765,0.5583612,0.4105522,0.6853549,0.42656168,0.52109665,0.6083204,0.5237993,0.3802199,0.6325863,0.6724041,0.47323897,0.6734146,0.549279
125,0.36399573,0.6037473,0.6958884,0.40189463,0.59156555,1.0,0.4005411,0.6072278,0.3589472,0.35722807,0.619603,0.3750476,0.29293528,0.63120466,0.42051178,0.40324816,0.57590324,0.61346513,0.34843013,0.61225516,0.70621467,0.29293528,0.63120466,0.69553113,0.522359,0.6319781,0.48597142,0.37144017,0.64706033,0.5714509,0.40933907,0.68689287,0.44003892,0.5203287,0.60993487,0.5257569,0.37820783,0.63352495,0.67922753,0.47295508,0.6745177,0.57866496
126,0.36238375,0.60433614,0.7086042,0.40025818,0.5927419,1.0,0.39890552,0.6085873,0.36037308,0.3549441,0.6209545,0.38161582,0.2920455,0.6321622,0.40291673,0.40161085,0.5768965,0.6199559,0.3475045,0.6136115,0.70394605,0.2920455,0.6321622,0.70821,0.5186158,0.63332164,0.48358673,0.36982337,0.6483941,0.5711505,0.4076978,0.6889739,0.45878553,0.5186158,0.6109062,0.52298915,0.37726298,0.63486755,0.67844814,0.47059643,0.67544734,0.59176576
127,0.3610922,0.6062856,0.7083727,0.39881936,0.5947364,1.0,0.39881936,0.6097503,0.33463353,0.35233414,0.62168443,0.38649046,0.29102752,0.63400346,0.39886326,0.39881936,0.5797225,0.61252916,0.34559715,0.6155248,0.7175222,0.28968012,0.63438845,0.72323364,0.5194115,0.6320786,0.47065538,0.3691766,0.65017223,0.5528756,0.40623006,0.6905942,0.4474225,0.5153693,0.6120601,0.52353084,0.3752399,0.63708323,0.6856607,0.46888408,0.67750514,0.579036
128,0.35960785,0.6084714,0.7133852,0.39767602,0.59730595,1.0,0.39666536,0.61270654,0.3474195,0.3508488,0.62464195,0.38767728,0.28953546,0.6361923,0.38278043,0.39868668,0.5819055,0.6177062,0.34478486,0.6177117,0.7068336,0.28818792,0.6365773,0.7143924,0.5179445,0.6342673,0.46968243,0.36769313,0.6519779,0.5387359,0.40542442,0.69278926,0.43365943,0.5132281,0.6134766,0.5250566,0.37443087,0.6392725,0.6828186,0.46808532,0.6793138,0.5640528
129,0.35766375,0.61114436,0.7161401,0.39495736,0.60010153,1.0,0.39360124,0.61540645,0.3482764,0.350205,0.62780535,0.3949758,0.288501,0.6390419,0.3654497,0.39631352,0.5847966,0.6215746,0.34342435,0.620831,0.7008437,0.28714484,0.6394294,0.71773875,0.5095506,0.63632965,0.47205877,0.3664786,0.6537656,0.56658506,0.40309417,0.69716185,0.48228213,0.5122628,0.6169563,0.53422266,0.37325925,0.64175415,0.676261,0.46818852,0.6812758,0.6100585
130,0.35534906,0.614522,0.7054094,0.39295304,0.6023261,1.0,0.3905816,0.6176194,0.34693038,0.3485736,0.63078314,0.38650447,0.28556153,0.6423983,0.36630273,0.39532447,0.58703285,0.61780655,0.34247565,0.6238141,0.6903032,0.28623906,0.6427855,0.7120999,0.5016997,0.63852656,0.48000872,0.36347967,0.65749794,0.6156579,0.40209997,0.7008611,0.51970375,0.51118535,0.6218782,0.5274543,0.37161025,0.6451085,0.674304,0.4691773,0.6830512,0.6228269
131,0.3553559,0.6179942,0.7066239,0.39200026,0.6053916,1.0,0.38928586,0.6207085,0.3546788,0.3492485,0.6362194,0.3799941,0.28410298,0.64668924,0.42428556,0.39471465,0.59007466,0.6154083,0.3431411,0.6269129,0.67304254,0.28613877,0.6463014,0.6966361,0.50057614,0.64048487,0.48090518,0.36214188,0.6614245,0.653759,0.40217924,0.7040793,0.54489124,0.5107551,0.6257496,0.5350813,0.3723209,0.6478525,0.65050966,0.47478935,0.68507856,0.6222806
132,0.35637784,0.6199456,0.72843105,0.39266893,0.60861653,1.0,0.39132482,0.6241699,0.35914546,0.34831315,0.6387631,0.39031827,0.28379568,0.6495161,0.42676103,0.39401305,0.5930633,0.6231029,0.3429367,0.62954634,0.67153907,0.2851398,0.6491321,0.6875297,0.511623,0.6433716,0.47814673,0.36041018,0.6652614,0.58334947,0.40006155,0.7063529,0.5065955,0.5089348,0.6260901,0.53864515,0.3731793,0.65220433,0.6462176,0.47734812,0.6871513,0.5803939
133,0.3554992,0.62164503,0.7273824,0.39490822,0.61182886,1.0,0.39524505,0.62818915,0.35703653,0.34876263,0.6405075,0.41459543,0.28341776,0.65205586,0.41773498,0.3945714,0.5954686,0.62096363,0.34202603,0.6316537,0.6746842,0.2827441,0.65205586,0.6825586,0.51448256,0.6478215,0.47407633,0.3602148,0.66860867,0.547094,0.39861333,0.7078733,0.49155244,0.5070723,0.62818915,0.52635515,0.37436163,0.6570602,0.6162999,0.48349428,0.6874711,0.5725653
134,0.35462618,0.6229202,0.7211623,0.39359385,0.61332226,1.0,0.39359385,0.62944686,0.3708818,0.34723574,0.64288396,0.45461422,0.28072196,0.65478545,0.5322485,0.39359385,0.5971977,0.6209937,0.3405172,0.63328606,0.6527143,0.28139383,0.6540176,0.64648986,0.5091532,0.6482588,0.47440827,0.35932916,0.6720618,0.59258246,0.39829686,0.71006966,0.5336426,0.505122,0.6302147,0.53581226,0.3774693,0.66016036,0.5751009,0.4889975,0.6885702,0.60279953
135,0.3543114,0.6241027,0.7288829,0.39220282,0.61443657,1.0,0.39220282,0.63067573,0.3748457,0.3434853,0.6442084,0.4632388,0.27785197,0.6569677,0.5491178,0.39220282,0.59819734,0.6216675,0.34077877,0.6341556,0.62659276,0.27988186,0.6558078,0.6396025,0.51129013,0.6418885,0.47895437,0.35566467,0.6751401,0.56124204,0.3982925,0.7087784,0.49774003,0.49978736,0.6299024,0.54831874,0.38070008,0.6639274,0.56090313,0.49166778,0.6882861,0.5546871
136,0.353624,0.6246961,0.7258358,0.38862693,0.61369514,1.0,0.38652673,0.6286964,0.39447653,0.3431231,0.64749795,0.4832127,0.27521744,0.659499,0.53718376,0.3907271,0.5986939,0.6444608,0.3368226,0.6374971,0.6479178,0.2766176,0.6574988,0.60598636,0.4999362,0.6406974,0.49300554,0.35432404,0.6767004,0.60934675,0.39492744,0.71270335,0.5547211,0.5006363,0.6338968,0.57089114,0.38442656,0.66469944,0.54228115,0.49853608,0.6883014,0.5819232
137,0.35128665,0.6254272,0.75306654,0.38845956,0.6158476,1.0,0.38700178,0.6316747,0.41950563,0.34399787,0.6504173,0.50849926,0.2732965,0.66124636,0.5622143,0.3899173,0.60002047,0.66733193,0.33670905,0.6379222,0.65468735,0.27475426,0.6591639,0.6220294,0.4926894,0.64375323,0.5132878,0.35128665,0.678323,0.63344276,0.3942906,0.7183073,0.5365219,0.5007071,0.6345902,0.5838704,0.38554403,0.66749394,0.61758804,0.50216484,0.68873554,0.57084084
138,0.35076544,0.62590635,0.7494906,0.38611263,0.61676395,1.0,0.3835081,0.63271,0.4210295,0.34257975,0.65099484,0.51642746,0.27262956,0.66247606,0.57372785,0.38871714,0.6008178,0.6776208,0.33513826,0.63781273,0.64591324,0.27411786,0.6599246,0.63285065,0.49587488,0.6441912,0.5115289,0.35299787,0.6782095,0.5563387,0.39243788,0.714354,0.47148266,0.4988515,0.6356866,0.5978277,0.38797298,0.6692797,0.54515636,0.5003398,0.68756455,0.5052174
139,0.35073847,0.6284428,0.73893464,0.38843465,0.6195998,1.0,0.38724425,0.6366056,0.4211071,0.34994486,0.6565591,0.5052989,0.27613965,0.6660823,0.46296027,0.38962507,0.602594,0.67819977,0.33565998,0.6402335,0.66387063,0.27296522,0.66336143,0.6651412,0.5062849,0.64340794,0.52624035,0.36264253,0.67878,0.4223069,0.5356482,0.6910242,0.35199282,0.49914247,0.63841957,0.60193884,0.39438668,0.6737916,0.40490907,0.5173954,0.6851288,0.3419631
140,0.35374323,0.6309029,0.74033535,0.39176202,0.62027645,1.0,0.39258853,0.63609797,0.42236733,0.35291675,0.6597122,0.48975894,0.27605265,0.6686855,0.464054,0.39093554,0.604455,0.6977022,0.33721334,0.64223766,0.6751479,0.27522618,0.6649073,0.6400286,0.5066449,0.64412683,0.4907043,0.36200818,0.6804926,0.40080523,0.3942415,0.692772,0.36085415,0.50333893,0.63940394,0.6354795,0.40663895,0.67199147,0.49204126,0.5314398,0.6852155,0.3990569
141,0.35462484,0.6330367,0.7215531,0.391827,0.62092435,1.0,0.38750115,0.63550854,0.45634747,0.34683836,0.66220516,0.50858915,0.27589476,0.6701152,0.60191214,0.39615282,0.6063401,0.70173347,0.33991703,0.6424299,0.6555098,0.28195092,0.66517144,0.5179939,0.47315258,0.6478681,0.4446522,0.3580855,0.68247473,0.5852448,0.39442247,0.7220252,0.5831069,0.50689405,0.63995796,0.6519784,0.4169168,0.66912645,0.64632833,0.5492872,0.6839579,0.530625
142,0.35652742,0.6334152,0.7112611,0.39717546,0.62051105,1.0,0.39175573,0.6344475,0.46957213,0.3493011,0.66335285,0.51973355,0.2770379,0.6716114,0.61970747,0.4025952,0.6065746,0.711324,0.34297806,0.64219004,0.6875846,0.2860708,0.66644984,0.46841887,0.46492222,0.65148103,0.4823928,0.35923728,0.6839995,0.6163216,0.39717546,0.72632504,0.6235116,0.5127966,0.64167386,0.64393693,0.4296939,0.6659336,0.6508904,0.56699395,0.6819348,0.56282556
143,0.36146855,0.6301451,0.71431595,0.39896965,0.6202341,1.0,0.39146942,0.63443094,0.49378997,0.35115573,0.6638961,0.53721213,0.27896613,0.6730035,0.5682737,0.40646985,0.60603726,0.7170129,0.34553057,0.640324,0.68812114,0.28459132,0.6676462,0.58692884,0.4599089,0.65425295,0.50940967,0.36146855,0.68318236,0.6555394,0.39896962,0.72657645,0.6670236,0.513348,0.64085966,0.6200949,0.44397095,0.66228884,0.5565375,0.58460003,0.6805037,0.6073531
144,0.36353084,0.6271328,0.7077682,0.40107074,0.6195297,1.0,0.39204216,0.63364965,0.50578564,0.35022557,0.6629756,0.5561161,0.2789473,0.6727509,0.59912306,0.41009933,0.6054099,0.71418595,0.34737444,0.64016646,0.6848132,0.2865503,0.66786325,0.5608244,0.4604693,0.65537256,0.52947885,0.36258048,0.6836123,0.6856237,0.40059555,0.7281442,0.6725888,0.51559114,0.6417957,0.61278933,0.4528663,0.6597171,0.5478859,0.59067094,0.6798108,0.6213453
145,0.37060797,0.6244756,0.7204895,0.40488547,0.6176627,1.0,0.390479,0.6312885,0.5664409,0.34874985,0.65854025,0.59944785,0.28218195,0.67216605,0.70950043,0.41929197,0.60403687,0.7142563,0.35669827,0.63583046,0.5923974,0.29609165,0.6653532,0.47341108,0.46499532,0.6613789,0.54656184,0.36564022,0.68295324,0.7841337,0.40339515,0.72723716,0.72113216,0.5186471,0.64377886,0.5738571,0.47691792,0.65229505,0.5432887,0.6130344,0.6772758,0.6575143
146,0.3753499,0.6262633,0.72911423,0.4101656,0.61807144,1.0,0.39480573,0.6321147,0.57680106,0.3507741,0.6584459,0.6214749,0.2831907,0.6724892,0.74245334,0.4255255,0.6040281,0.7176454,0.36715797,0.6303593,0.49613383,0.29957455,0.66371214,0.38537967,0.46546113,0.6642973,0.561704,0.36818197,0.68302166,0.78490734,0.40504566,0.7274922,0.75695074,0.51870865,0.6484986,0.5613503,0.4920849,0.6490837,0.58599114,0.6282757,0.6765852,0.6692071
147,0.38099843,0.62140644,0.7925261,0.41667575,0.6202072,1.0,0.40198508,0.6363969,0.60917324,0.35686374,0.66098124,0.6282928,0.28760776,0.6735732,0.64617777,0.4313664,0.60401744,0.716696,0.3715544,0.63279915,0.44614923,0.30334774,0.6657782,0.50027835,0.47019175,0.6675771,0.5782753,0.3705051,0.68676484,0.84676635,0.40723175,0.7311367,0.76233286,0.52160907,0.6501881,0.56883514,0.51111573,0.6477896,0.61469066,0.6443811,0.67657137,0.7052701
148,0.3845471,0.6206452,0.8200383,0.42392623,0.6224948,1.0,0.4061247,0.6379074,0.67054665,0.35649619,0.661951,0.6674764,0.2885267,0.67366457,0.7608218,0.4417278,0.60708225,0.6645018,0.39317814,0.62249476,0.2524221,0.35865396,0.6576355,0.36658126,0.47193643,0.6724315,0.5815745,0.37160054,0.68722767,0.855907,0.40720358,0.7334654,0.79130197,0.52156496,0.6576355,0.5691472,0.5291171,0.6465384,0.6303101,0.6639772,0.67859656,0.72591066
149,0.38888463,0.61885196,0.8405614,0.42928967,0.6232799,1.0,0.4110244,0.6397266,0.6700015,0.36120996,0.6662942,0.6882278,0.28814882,0.67578274,0.78823453,0.44755495,0.6068333,0.7189964,0.41766632,0.6201171,0.44184244,0.36453092,0.6409917,0.641128,0.4785506,0.673885,0.5968427,0.3767078,0.6878014,0.8247985,0.4110244,0.73587626,0.77450156,0.52725804,0.6606012,0.5971136,0.5438628,0.64541966,0.60005367,0.6822362,0.68021065,0.7245436
150,0.3915939,0.6180163,0.82813525,0.43225276,0.6228567,1.0,0.41305274,0.6386685,0.67602503,0.3633586,0.6664197,0.6847641,0.29107615,0.6761004,0.7903519,0.4514528,0.6070449,0.7474865,0.4175704,0.6199525,0.45037848,0.3656174,0.6431861,0.6598664,0.48307633,0.67480963,0.61072725,0.38029978,0.68771726,0.8222758,0.41192335,0.736766,0.7628066,0.5327705,0.66125673,0.6095599,0.55987644,0.6457676,0.54596937,0.69653535,0.6806181,0.71515614
151,0.39595008,0.6156618,0.83941376,0.43434936,0.62384933,1.0,0.41199753,0.64120674,0.68101066,0.36385515,0.6680617,0.710478,0.2916416,0.6765766,0.7851868,0.45670116,0.60649186,0.76986945,0.43950745,0.61893684,0.56206274,0.3718789,0.6431717,0.6999708,0.48535734,0.6739567,0.6246247,0.38334137,0.6877116,0.81977016,0.4108513,0.7374915,0.7549677,0.53808475,0.66020167,0.6320884,0.5770571,0.6477567,0.53672165,0.71231425,0.6811616,0.7287257
152,0.39795506,0.61607826,0.86134684,0.43612576,0.6251386,1.0,0.41087437,0.64292353,0.66605985,0.36624402,0.66976887,0.7047963,0.29225162,0.6778225,0.78671366,0.46137714,0.6073535,0.7708887,0.45433024,0.6187628,0.6249453,0.3826868,0.64091015,0.7448983,0.48839024,0.6744668,0.6382361,0.38621023,0.68923175,0.8394102,0.4096999,0.7375533,0.7574683,0.54241645,0.6583596,0.63818645,0.58939576,0.65097713,0.58418787,0.72563577,0.6818493,0.73803836
153,0.4003501,0.6163136,0.9038562,0.4398712,0.6258944,1.0,0.41112858,0.6423188,0.6700947,0.3644218,0.6696927,0.7198307,0.29256526,0.67790496,0.79172194,0.46861383,0.60947007,0.7665323,0.46741623,0.61836666,0.61566746,0.39436206,0.63684404,0.76637733,0.4901708,0.6744832,0.63788056,0.3895716,0.68817014,0.8144568,0.4147214,0.7367588,0.73926675,0.5464584,0.6580588,0.65654945,0.5991533,0.65463704,0.58901036,0.7404712,0.68406403,0.7355655
154,0.40506402,0.6148186,0.90280116,0.44064987,0.6275708,1.0,0.4110955,0.64239115,0.6895441,0.36163718,0.6699637,0.70783246,0.29408434,0.67892486,0.8030063,0.47020423,0.6127506,0.7155429,0.48106095,0.61619717,0.679109,0.4110955,0.63343,0.77961445,0.49312395,0.6734103,0.60764456,0.3905884,0.6892645,0.7576297,0.42195222,0.7347593,0.719972,0.54982007,0.6568667,0.6549159,0.6113414,0.6582454,0.6192776,0.7488597,0.6878859,0.69956267
155,0.4093447,0.61480945,0.8991709,0.4417544,0.6280878,1.0,0.4105677,0.6413661,0.7115735,0.3616474,0.667224,0.7339947,0.29438198,0.6798035,0.7975489,0.4729411,0.61480945,0.67680395,0.49495524,0.616906,0.67114997,0.42891282,0.6329798,0.76000446,0.49617824,0.6707183,0.60208535,0.39222258,0.687491,0.7357471,0.42891282,0.73221815,0.69282115,0.5536596,0.6567411,0.6544901,0.619702,0.6637297,0.6289529,0.75545585,0.692383,0.68959236
156,0.41037378,0.6141926,0.9035429,0.4427392,0.62815076,1.0,0.41037378,0.64141095,0.74102664,0.36396304,0.66723347,0.7612535,0.29556826,0.6804937,0.80618197,0.47510457,0.6148905,0.67009413,0.5007526,0.6155885,0.6589078,0.43968585,0.63094234,0.7505423,0.49586728,0.670723,0.5973777,0.3896111,0.685379,0.77057016,0.4348005,0.73074293,0.70004296,0.5544914,0.6567649,0.6609396,0.6241075,0.6644419,0.6448622,0.7560117,0.6951497,0.70464945
157,0.41996616,0.612964,0.9238962,0.4433248,0.62525797,1.0,0.41013095,0.63614696,0.79285586,0.36833128,0.66705763,0.8116162,0.30071416,0.68110794,0.84155977,0.47651866,0.614369,0.6864772,0.52077717,0.612964,0.7552781,0.47160107,0.6284193,0.7996396,0.4986479,0.6733803,0.629267,0.38923112,0.68672806,0.7412801,0.45070124,0.7232589,0.6894785,0.5552004,0.6572224,0.6976943,0.63019395,0.67057025,0.6288445,0.76051056,0.7007784,0.7005222
158,0.42469615,0.6103568,0.920199,0.44680488,0.6229903,1.0,0.4124135,0.634922,0.8141335,0.36696777,0.6686115,0.80224,0.30923942,0.68124515,0.84774005,0.48119625,0.61105865,0.74617285,0.52787024,0.61316425,0.77063775,0.49102235,0.6321145,0.7937193,0.50453323,0.6749283,0.63987035,0.39030477,0.68475443,0.78880036,0.4664571,0.7205495,0.69806004,0.55734855,0.65808356,0.68003106,0.63472915,0.67212087,0.6490153,0.76492506,0.7051085,0.7460696
159,0.432902,0.60784453,0.91672933,0.45070893,0.6210726,1.0,0.41390795,0.6322655,0.8147499,0.37117136,0.66686183,0.8421445,0.32487336,0.68246406,0.85322195,0.48750988,0.6098796,0.8038013,0.5338079,0.6139498,0.77758825,0.5171881,0.6309088,0.8136051,0.5076911,0.6770372,0.6552942,0.39728817,0.68585587,0.81191325,0.47919998,0.71841705,0.72912365,0.55992466,0.66211325,0.70933187,0.63946223,0.6736454,0.6110879,0.76529783,0.70892006,0.78560185
160,0.44199866,0.6058955,0.92911464,0.45579785,0.6196947,1.0,0.41785014,0.63152254,0.84505737,0.37645265,0.66569185,0.83061016,0.3431047,0.68409073,0.90194476,0.49374554,0.6078668,0.8647302,0.5397427,0.61509496,0.80995965,0.5397427,0.63283676,0.8447731,0.50294495,0.6788339,0.7329519,0.40175113,0.6873762,0.8322039,0.48799586,0.7149746,0.7152153,0.5581416,0.6650348,0.77989495,0.6420865,0.67554843,0.65690446,0.765129,0.7130033,0.82238257
161,0.44900966,0.6035198,0.9163478,0.4599555,0.6182184,1.0,0.4216451,0.62978977,0.8436747,0.37895638,0.6660673,0.80690503,0.3647268,0.6854571,0.90569353,0.4982659,0.60664713,0.8506484,0.54752207,0.6154038,0.7917502,0.5595625,0.6316662,0.8283266,0.49498212,0.6754495,0.71079874,0.40741554,0.68608254,0.8228245,0.5015496,0.7104761,0.69528157,0.5540896,0.66356546,0.7703619,0.64165616,0.67482406,0.6585475,0.7675332,0.7148544,0.8286921
162,0.45734042,0.6026282,0.9072434,0.46366423,0.6164803,1.0,0.42255947,0.62792337,0.8514612,0.3856706,0.6664685,0.81504464,0.38040075,0.68875235,0.91355294,0.50476897,0.6050372,0.8254803,0.5532515,0.61587805,0.7719965,0.5732769,0.6309347,0.8340203,0.49317533,0.6742979,0.7270702,0.41728964,0.68513876,0.7007363,0.5132007,0.7080249,0.66702735,0.55430543,0.6646617,0.74497294,0.6428388,0.6761047,0.6194818,0.7703689,0.7164567,0.7906915
163,0.46567824,0.6010744,0.90783364,0.46824455,0.615446,1.0,0.42564312,0.6268846,0.8527372,0.39895305,0.66735965,0.83162177,0.39382035,0.6925832,0.9057659,0.510846,0.60400736,0.8215052,0.56217307,0.6169124,0.7259611,0.58681005,0.6309907,0.8452311,0.49339485,0.6767451,0.72492063,0.41845733,0.6867172,0.64318025,0.52932376,0.70372856,0.67185247,0.5560138,0.6655998,0.74193394,0.647376,0.6767451,0.5850065,0.7736406,0.7172202,0.7647531
164,0.4729108,0.6009749,0.8978419,0.4713762,0.61529773,1.0,0.42687315,0.62611294,0.8487134,0.41152728,0.6746351,0.80571735,0.41255033,0.6956809,0.75286186,0.5158793,0.6044826,0.8151576,0.5680552,0.61675924,0.7085939,0.5956778,0.63254356,0.83941203,0.49030277,0.6775581,0.7403205,0.42175785,0.6910041,0.63736415,0.5414557,0.7003578,0.7062822,0.5537324,0.6641122,0.7369605,0.65194607,0.6763889,0.5706964,0.7767592,0.7173113,0.76356876
165,0.4766185,0.6005618,0.9054302,0.47510082,0.614727,1.0,0.4300758,0.62542313,0.87248105,0.4209696,0.67803663,0.8151823,0.4209696,0.6994289,0.69789237,0.5201258,0.6040308,0.82936984,0.57172745,0.6184851,0.72856605,0.60005784,0.63293934,0.84515595,0.49483085,0.6774584,0.7797727,0.4280522,0.6924909,0.58504844,0.5514915,0.6994289,0.7409731,0.5555387,0.6635824,0.77594495,0.6546949,0.6739894,0.5676499,0.779146,0.716774,0.7683785
166,0.4826854,0.6006829,0.90202534,0.47964782,0.61485827,1.0,0.43408418,0.6249835,0.8789164,0.42902157,0.6799492,0.78781164,0.4269965,0.70019966,0.6965353,0.52521145,0.60473305,0.84851295,0.57280016,0.6191977,0.7135077,0.60317594,0.63366234,0.8451321,0.5009109,0.6782135,0.79686546,0.43408418,0.69672817,0.6282652,0.5606499,0.6990425,0.7520903,0.5626749,0.66490597,0.7818357,0.6578523,0.67184895,0.56232655,0.78036785,0.7152429,0.771417
167,0.48809412,0.60066134,0.8987695,0.48306787,0.6155965,1.0,0.4378317,0.62478733,0.884365,0.4398422,0.67533696,0.7790208,0.43280548,0.69946295,0.7767596,0.52830404,0.6064057,0.8431669,0.57152975,0.62076634,0.72730327,0.6036977,0.6362759,0.83507025,0.5081991,0.67878354,0.80072975,0.43883696,0.6965908,0.69744146,0.56750876,0.6988885,0.7250483,0.56750876,0.6667205,0.77613306,0.65697587,0.667295,0.5751483,0.7786109,0.71267474,0.76142967
168,0.48898017,0.6009569,0.9000281,0.4844586,0.6155982,1.0,0.43874037,0.62449783,0.8937534,0.44275954,0.6750248,0.78067386,0.43472117,0.70028824,0.8066567,0.5301768,0.6066986,0.85546845,0.5743879,0.6227754,0.7298304,0.60453176,0.6388521,0.84334314,0.5110857,0.68134063,0.80517846,0.43974516,0.69626904,0.72863555,0.5693639,0.70028824,0.6884123,0.5693639,0.6698572,0.7755513,0.6567812,0.66526383,0.57918674,0.77836156,0.7117716,0.76206243
169,0.49679056,0.6029645,0.90502787,0.49002704,0.6164916,1.0,0.4446147,0.6256017,0.901391,0.45234448,0.68026215,0.78985023,0.44751337,0.7028993,0.7210178,0.5354394,0.6073815,0.83958936,0.57408816,0.6250496,0.77284104,0.6021085,0.64547825,0.9134662,0.51611495,0.6879919,0.8447515,0.44751337,0.69793016,0.79307103,0.5837503,0.70621204,0.72378224,0.5721557,0.67529297,0.7888535,0.6455884,0.6565207,0.6915958,0.7740956,0.71007687,0.79759645
170,0.50059515,0.60270864,0.8890304,0.49442482,0.61708355,1.0,0.4483845,0.6260339,0.8716283,0.45597878,0.6824485,0.77445054,0.4550295,0.7063163,0.71726453,0.5404651,0.60813314,0.832471,0.5746394,0.6282037,0.71105665,0.5993208,0.65098655,0.8799218,0.51388514,0.6916701,0.7947142,0.45313093,0.6976371,0.73961335,0.5926758,0.70957094,0.64189637,0.57274085,0.67919385,0.73053837,0.64203864,0.6526138,0.7409003,0.76734424,0.7084861,0.78996354
171,0.50470006,0.6042732,0.8827952,0.49727625,0.6180604,1.0,0.45087713,0.6270751,0.86593926,0.45830098,0.6859356,0.77646077,0.45830098,0.7082072,0.6999701,0.54367536,0.6090456,0.8354546,0.5770827,0.6323778,0.67529714,0.5965703,0.6588916,0.88630456,0.5158359,0.6928292,0.791769,0.46201292,0.7007833,0.7093947,0.59935427,0.71510077,0.6661478,0.5705868,0.68169343,0.7186004,0.6392575,0.64616495,0.7747412,0.7608232,0.7060861,0.80446434
172,0.5091185,0.6060344,0.88248456,0.5000162,0.6187777,1.0,0.45359433,0.62735987,0.8769721,0.4608762,0.6856147,0.7486547,0.4608762,0.71006095,0.73239493,0.54643804,0.6101955,0.8357774,0.5819371,0.6377625,0.6922413,0.59285986,0.66897047,0.9002781,0.51822084,0.69289654,0.8035095,0.46815804,0.7048596,0.7451799,0.6083338,0.7168227,0.6880094,0.57465523,0.68093354,0.68385935,0.63837147,0.6450444,0.798181,0.7530607,0.70642,0.8216162
173,0.51282144,0.60767895,0.8860707,0.504833,0.61909103,1.0,0.45778993,0.62796706,0.89494777,0.46222797,0.6847738,0.80368674,0.46222797,0.71266997,0.7744317,0.55187607,0.610215,0.8488083,0.5838298,0.6421688,0.7128455,0.5918183,0.6797018,0.91096586,0.51814705,0.69238186,0.83397335,0.47199163,0.7060763,0.6768526,0.6131208,0.7187564,0.67782116,0.5776166,0.6786874,0.67469,0.6370861,0.6447048,0.81232804,0.74626154,0.7086124,0.8129574
174,0.51597476,0.609275,0.89301,0.508237,0.62008333,1.0,0.46009085,0.62794393,0.89722097,0.46352986,0.6854245,0.8039038,0.46352986,0.7134279,0.7708379,0.55638313,0.61222273,0.83587176,0.58217573,0.6475954,0.75320065,0.58905375,0.69033736,0.90769714,0.52113324,0.69475895,0.8019061,0.47298712,0.70605856,0.6787052,0.61742556,0.7212885,0.5646468,0.58303547,0.6819855,0.6646672,0.6346206,0.64464766,0.83193064,0.73779094,0.70851505,0.81118876
175,0.51872516,0.61157924,0.89170617,0.51079917,0.6206374,1.0,0.46199197,0.6273119,0.9254811,0.4644949,0.68595207,0.79245293,0.4644949,0.71455705,0.7568178,0.5596064,0.61396295,0.84360605,0.5812985,0.65448666,0.8025476,0.58630437,0.70406854,0.9190811,0.523731,0.697394,0.7699356,0.472838,0.7093128,0.6509884,0.60132194,0.7269525,0.4039728,0.58713865,0.68595207,0.6387129,0.6321915,0.64495164,0.85567236,0.7314745,0.7102663,0.8148475
176,0.5221949,0.6134516,0.898312,0.5133934,0.62122434,1.0,0.4645851,0.6262537,0.92871505,0.46378496,0.67929137,0.74557316,0.46378496,0.7144974,0.7580534,0.56220174,0.6161949,0.81120884,0.5806049,0.6637459,0.81648755,0.5846056,0.7131257,0.90138835,0.5261956,0.6957513,0.69080114,0.47178635,0.71129686,0.673747,0.58860624,0.72409904,0.30531496,0.5918068,0.6870641,0.5973615,0.6326138,0.6468287,0.8253927,0.7230292,0.71221125,0.84343374
177,0.52490133,0.61641055,0.8920227,0.51599574,0.6223845,1.0,0.46759593,0.62703085,0.92110986,0.46372396,0.6752647,0.77449995,0.46217516,0.71332073,0.7881768,0.56439555,0.61773807,0.79949915,0.5814323,0.6699546,0.8456608,0.58530426,0.7217285,0.91302305,0.52490133,0.69517773,0.73467696,0.46837035,0.71332073,0.6964546,0.602341,0.723056,0.36149144,0.58917624,0.68677,0.64840937,0.6333169,0.64827144,0.803164,0.7169517,0.7146483,0.8267818
178,0.5270014,0.61891586,0.8874942,0.5190693,0.6234484,1.0,0.470344,0.626686,0.9027103,0.46656686,0.67373854,0.8033761,0.4627897,0.713021,0.7988498,0.5677946,0.6202108,0.78870153,0.5813924,0.6763286,0.79749495,0.58214784,0.7311513,0.86955166,0.52473503,0.69445896,0.74430287,0.4673223,0.71776944,0.7129597,0.6078325,0.7212228,0.43721434,0.5844141,0.6871205,0.62834597,0.63578343,0.6521548,0.78596324,0.70906025,0.7173377,0.7872038
179,0.52931756,0.6215109,0.8846669,0.5216804,0.6254386,1.0,0.47280267,0.6284934,0.85388654,0.4689841,0.67518914,0.7449654,0.4644018,0.7122839,0.7341546,0.5705582,0.6223837,0.75964284,0.58354133,0.6834809,0.7213938,0.5804865,0.7397776,0.83686554,0.5262627,0.6965732,0.75396514,0.46287438,0.72101206,0.78050035,0.5972882,0.7231941,0.38367647,0.58506876,0.6891542,0.6347541,0.63929254,0.65642357,0.79576296,0.7011534,0.7192664,0.7587372
180,0.53247386,0.62364113,0.89251083,0.5244111,0.6271515,1.0,0.47488236,0.6302231,0.8521508,0.47104293,0.6780514,0.75530946,0.46489984,0.71359354,0.75810456,0.57393974,0.62408,0.78186893,0.58545804,0.6885824,0.7954292,0.5747076,0.7447478,0.8633548,0.5255629,0.6964807,0.7611251,0.46336406,0.723247,0.72368467,0.59544057,0.72675735,0.41150752,0.58545804,0.68902117,0.61720216,0.639978,0.65830576,0.7729672,0.7037126,0.72061425,0.7654176
181,0.5346984,0.6254547,0.900984,0.5282154,0.6282876,1.0,0.47825804,0.63112056,0.8673073,0.47215638,0.67862636,0.780737,0.465292,0.7152363,0.7664963,0.5781728,0.6254547,0.7998646,0.588088,0.69170135,0.8166578,0.5705457,0.7466163,0.88322014,0.52630866,0.6973672,0.77976394,0.46300387,0.72526044,0.7256601,0.5896134,0.72831136,0.4228407,0.5865626,0.6912655,0.6396433,0.6407148,0.6594497,0.8105502,0.70249414,0.7217738,0.75975573
182,0.5366051,0.6273026,0.90965533,0.53013134,0.62991387,1.0,0.47948346,0.6320899,0.87128407,0.47339046,0.68170416,0.7732593,0.46348938,0.716086,0.7510653,0.5807792,0.6277378,0.80665594,0.5906803,0.6930197,0.8216493,0.56707,0.74655086,0.91118824,0.52822727,0.6995479,0.8000996,0.45891964,0.72740144,0.808442,0.59677327,0.7291423,0.39787403,0.58915704,0.69258446,0.64390826,0.6424706,0.66211957,0.8311714,0.7018771,0.72261417,0.768491
183,0.5367008,0.62928736,0.9076601,0.5321137,0.63103485,1.0,0.48165557,0.6323454,0.877688,0.4740104,0.6817113,0.7957817,0.46330717,0.7166607,0.7719145,0.58257174,0.6297242,0.8195079,0.593275,0.6939436,0.81659025,0.5657524,0.7472414,0.92064434,0.5282911,0.7000598,0.8195107,0.4602491,0.7284561,0.8101417,0.5993911,0.73020357,0.41137272,0.5894524,0.6930699,0.65476596,0.6452621,0.66511047,0.8470806,0.70183635,0.72277683,0.7497916
184,0.5367694,0.6315689,0.89933056,0.53370637,0.63222533,1.0,0.48316666,0.63375676,0.8845403,0.47397763,0.6814523,0.8009844,0.46402285,0.71558297,0.8167671,0.58424604,0.6306938,0.8334496,0.5949666,0.6945795,0.84506243,0.5643365,0.748401,0.9301294,0.5298776,0.7002679,0.8392089,0.4617256,0.727835,0.81910306,0.5995611,0.7335234,0.42784226,0.5903721,0.69326675,0.67733085,0.6516323,0.6687626,0.8537356,0.70140624,0.724772,0.7500997
185,0.5354086,0.6332663,0.8911874,0.5346404,0.6332663,1.0,0.48393604,0.63546133,0.8559636,0.47394884,0.68243414,0.7646564,0.4601204,0.716237,0.7609856,0.5853447,0.63107127,0.8027767,0.59610015,0.6938481,0.8382855,0.5630655,0.7500399,0.9193146,0.5315674,0.69736004,0.80966735,0.4616569,0.72457796,0.8255411,0.5991731,0.73247993,0.4060118,0.5907224,0.6903361,0.63836277,0.6598646,0.6732152,0.85341966,0.7021182,0.72545594,0.7428819
186,0.53353304,0.63454646,0.892853,0.53622806,0.63454646,1.0,0.4857932,0.63718647,0.84843653,0.47424325,0.6816263,0.76606196,0.4596133,0.7155062,0.76495993,0.5866629,0.6319065,0.7984327,0.59667283,0.6957063,0.8256436,0.56125295,0.75070614,0.934469,0.53507304,0.6961463,0.7950311,0.46346328,0.72078615,0.83355784,0.5989829,0.7335462,0.4058689,0.5951329,0.68910635,0.63902336,0.66597265,0.67634636,0.8620877,0.7021625,0.7265062,0.76198816
187,0.53160506,0.63584226,0.9128816,0.5381563,0.6362826,1.0,0.4876734,0.6389252,0.8527274,0.47302952,0.6847286,0.7489561,0.4599271,0.7186408,0.7597463,0.58863914,0.63364017,0.7987808,0.5986587,0.6997028,0.8788346,0.5593514,0.75123173,0.97651845,0.5439368,0.69441783,0.8045818,0.46532223,0.7159983,0.8921961,0.60097086,0.7358171,0.43723762,0.6017416,0.68737113,0.6817256,0.67033666,0.68164575,0.8630922,0.70270735,0.7265683,0.79003537
188,0.5317264,0.63839924,0.932459,0.5398029,0.6370806,1.0,0.48942113,0.6405969,0.8799359,0.472499,0.6880668,0.7609502,0.46326876,0.72015285,0.8484806,0.5901846,0.63356435,0.81449884,0.6009533,0.7012528,0.88353705,0.558648,0.7509203,0.9971007,0.55095613,0.6907039,0.81820416,0.47480658,0.7113622,0.88302696,0.60864514,0.73465747,0.5022706,0.60787594,0.68103415,0.69792575,0.6755644,0.6871877,0.8683436,0.702486,0.7267459,0.7983995
189,0.5326682,0.64127696,0.9441385,0.54309446,0.6375257,1.0,0.49250773,0.64039433,0.84548944,0.4739721,0.68629205,0.78514904,0.463932,0.7198326,0.9151519,0.5936812,0.6346571,0.8047042,0.6037214,0.70350367,0.907316,0.55738235,0.7511667,1.013604,0.55661005,0.6871747,0.78662676,0.48323992,0.70482767,0.9156498,0.61221683,0.73483765,0.53192574,0.6153061,0.6783482,0.7070198,0.68327,0.6920293,0.8880015,0.7018056,0.72689384,0.8344029
190,0.53408146,0.6443327,0.93596447,0.54796886,0.6381605,1.0,0.49781987,0.639924,0.76302874,0.4754457,0.6822476,0.7690592,0.46001524,0.7197216,0.9588683,0.5981179,0.636397,0.78496,0.6058331,0.70473194,0.93436086,0.55491257,0.75102335,1.0160804,0.56571394,0.6848928,0.6974913,0.48933312,0.69811887,0.9110031,0.617406,0.73471117,0.5497838,0.6212636,0.67519367,0.704183,0.6876146,0.6950328,0.88436747,0.70304507,0.72765726,0.815746
191,0.5387787,0.6478769,0.90492034,0.55232036,0.63903344,1.0,0.50240993,0.63991785,0.6904346,0.47610056,0.68236655,0.80531466,0.45752925,0.72039354,0.98028266,0.6022307,0.63814914,0.78341377,0.6060998,0.7075705,0.96065116,0.55270725,0.7513457,1.0273286,0.5743738,0.68236655,0.6426578,0.4962195,0.6951896,0.9194412,0.62080204,0.7363118,0.55339783,0.6308615,0.67308086,0.6944046,0.6888969,0.69784266,0.86978316,0.7051468,0.72835267,0.8030602
192,0.5413242,0.6502737,0.88306844,0.55567575,0.6396348,1.0,0.50563943,0.6409646,0.65669316,0.47616065,0.68219054,0.84023064,0.455991,0.72031343,0.9699068,0.605712,0.6383049,0.7743324,0.6072635,0.7092312,0.92489135,0.55140907,0.7509004,1.0116379,0.58166355,0.6804174,0.5661599,0.5064152,0.6923862,0.8752233,0.6204514,0.73627186,0.5377171,0.63751805,0.6697784,0.71845996,0.6902695,0.7003654,0.8575933,0.7081119,0.72829264,0.7420666
193,0.5466947,0.65250444,0.8779843,0.5594089,0.64171666,1.0,0.5089375,0.6428175,0.641189,0.47657415,0.68376696,0.8295935,0.45345747,0.7203134,0.9764708,0.60988027,0.6406159,0.7687713,0.606798,0.7106264,0.8954936,0.54900634,0.7511355,1.0028079,0.59061635,0.68068475,0.59358263,0.5120197,0.6908121,0.8893606,0.6229797,0.7370454,0.5531558,0.64609635,0.6701172,0.72412074,0.69078857,0.7022604,0.8114152,0.7131347,0.7291197,0.732333
194,0.55256927,0.65400565,0.8886144,0.563318,0.643257,1.0,0.51034224,0.64523125,0.65113676,0.4765606,0.685155,0.8310939,0.45122436,0.72069156,0.9780738,0.6162938,0.64128274,0.7456037,0.6063128,0.7110396,0.87973857,0.54719496,0.7509634,0.9923146,0.5986352,0.6794516,0.5956527,0.5180199,0.6886648,0.8901285,0.62320364,0.737363,0.568784,0.6562175,0.66804487,0.73029983,0.69307023,0.70314264,0.78980565,0.7168709,0.7290273,0.7788846
195,0.5572062,0.6553145,0.8710357,0.5664164,0.6430343,1.0,0.51269037,0.6465429,0.66041255,0.4781522,0.6851379,0.8295821,0.44898662,0.7189086,0.9903641,0.6201424,0.6395256,0.7426233,0.6055596,0.7105756,0.83418083,0.546461,0.7504863,0.98436517,0.60095453,0.6803136,0.61837506,0.5203655,0.6877694,0.8881353,0.6216774,0.73732895,0.574784,0.6638907,0.6693491,0.75204283,0.70226645,0.70487404,0.8114461,0.7168492,0.7289959,0.7726697
196,0.5601583,0.65534717,0.8758142,0.5705875,0.64210373,1.0,0.5176689,0.64607674,0.6501955,0.47904223,0.6844827,0.80632186,0.44582328,0.71759135,0.99702,0.62350607,0.63813066,0.738881,0.60496527,0.70876235,0.8050863,0.5447076,0.749817,0.99856806,0.60496527,0.6809511,0.6461757,0.5238492,0.6862485,0.90946853,0.621961,0.7365736,0.6114401,0.6675405,0.6699149,0.7715514,0.70848477,0.7056722,0.85611165,0.71698266,0.7295104,0.78002155
197,0.5627636,0.65338117,0.8519628,0.5732443,0.6398505,1.0,0.519288,0.64406496,0.6540823,0.47969422,0.6831042,0.82188857,0.44242945,0.7154891,0.9840932,0.62720054,0.63563603,0.7572072,0.60313374,0.7057293,0.80675626,0.5425785,0.74787396,0.9782576,0.6070155,0.67955524,0.6752615,0.52627516,0.6853224,0.89172244,0.62176615,0.73545235,0.64432347,0.67455786,0.67023903,0.77388597,0.71337533,0.70528567,0.8654128,0.7157044,0.72968525,0.7839123
198,0.5645843,0.64877045,0.85628504,0.57553196,0.63603544,1.0,0.52079374,0.6402804,0.6420852,0.482477,0.67915577,0.80033004,0.43790448,0.71445626,0.9783995,0.6302701,0.63179046,0.73978424,0.5997731,0.7028384,0.80300736,0.5403431,0.74662894,0.97127205,0.6075929,0.67781526,0.6673069,0.5301774,0.684071,0.86919665,0.62010443,0.7341174,0.68188846,0.6779705,0.6688784,0.73788786,0.7217611,0.70641315,0.87175333,0.7131594,0.7292021,0.76600623
199,0.5661827,0.6420848,0.87601805,0.5777713,0.63148946,1.0,0.52291834,0.6363457,0.64173067,0.48042658,0.6751953,0.7872137,0.43793485,0.71272045,0.93599474,0.6326243,0.6266333,0.7263525,0.59322286,0.6994763,0.71093106,0.539915,0.744065,0.948926,0.609447,0.67387086,0.6632968,0.53296185,0.6827003,0.8469998,0.6187179,0.73214525,0.74734163,0.6812967,0.6663658,0.71934086,0.72610617,0.7078643,0.89613116,0.7091095,0.7277306,0.7924794
200,0.5655272,0.6334144,0.86482155,0.5775584,0.6254305,1.0,0.52283573,0.6307531,0.6647723,0.48014426,0.67111593,0.7669451,0.4366766,0.7123659,0.91720843,0.6322811,0.620108,0.70243925,0.5903658,0.69462395,0.6153562,0.53758365,0.7425271,0.91059905,0.60899484,0.6688982,0.640288,0.5368075,0.6835353,0.84085155,0.61598074,0.72966427,0.76010287,0.68195844,0.662245,0.69168353,0.73008335,0.7070433,0.9036648,0.7060209,0.7247852,0.8119846
201,0.56647307,0.6234764,0.8928505,0.57650167,0.61901915,1.0,0.5211585,0.62517434,0.7228348,0.47881544,0.668048,0.81298804,0.4372152,0.7134687,0.9329345,0.6318448,0.612864,0.7201765,0.5887589,0.6879992,0.58903027,0.53750145,0.74021167,0.901507,0.6080733,0.66168064,0.6262132,0.5397301,0.68248075,0.85554767,0.61624473,0.7291749,0.86564434,0.6808737,0.6570112,0.70883524,0.7328739,0.70582783,0.94862413,0.7031595,0.723232,0.8995993
202,0.5654532,0.6115826,0.88895565,0.57630765,0.61096233,1.0,0.520588,0.6173716,0.73146826,0.47934097,0.6653381,0.8148408,0.44098848,0.71413153,0.90420943,0.6320274,0.60455304,0.725203,0.59367484,0.6798107,0.48841304,0.5408497,0.7360473,0.8455138,0.6038057,0.6541735,0.61078155,0.54229695,0.6822918,0.8550235,0.6153838,0.72984475,0.8466211,0.67833984,0.6500384,0.68671125,0.7340595,0.702967,0.9328087,0.7000488,0.7224017,0.91491944
203,0.5626048,0.5988938,0.89085627,0.5756472,0.6015124,1.0,0.5196002,0.60856235,0.73892593,0.48153058,0.65932184,0.849375,0.44839588,0.7141099,0.86968356,0.63169414,0.59446245,0.75308216,0.6063144,0.6556962,0.55519295,0.5506199,0.7282098,0.7546518,0.5943295,0.6460277,0.63203174,0.54498,0.68389595,0.88480073,0.61406934,0.7286126,0.8279666,0.67469877,0.64361054,0.7069725,0.7325082,0.7032328,0.9503759,0.69725853,0.7213612,0.8682393
204,0.5603738,0.5842997,0.88763624,0.57514846,0.59156436,1.0,0.51845473,0.59725827,0.80956745,0.4847821,0.65144867,0.9116,0.45454544,0.70956594,0.8380691,0.63184226,0.58587044,0.81233525,0.6119135,0.6561609,0.7697239,0.56655854,0.72095376,0.7496692,0.58854884,0.64123887,0.671682,0.5452554,0.6848268,0.98035693,0.6146623,0.7288074,0.8893033,0.6703253,0.63731205,0.7264968,0.7294242,0.70053416,1.0128016,0.6943771,0.720561,0.890658
205,0.5565775,0.5678137,0.8967942,0.5723264,0.5812129,1.0,0.51598024,0.5862125,0.8508218,0.48518232,0.6410088,0.916311,0.4613839,0.70260465,0.84257156,0.62867266,0.5762132,0.8052993,0.61607355,0.64820826,0.7777481,0.5866755,0.712204,0.85064495,0.5852756,0.6358091,0.7285286,0.54747814,0.6846059,0.9640576,0.6146736,0.7286029,0.85452795,0.66507024,0.6306095,0.75348675,0.7266661,0.697405,0.9853457,0.6923684,0.71980345,0.9209254
206,0.55282557,0.5505036,0.9139712,0.56954074,0.56812084,1.0,0.5134521,0.57342726,0.8557909,0.48373628,0.6315854,0.9041797,0.46813545,0.6931396,0.8947127,0.6256294,0.5628144,0.80737674,0.6248865,0.635406,0.7598821,0.6055712,0.7012053,0.9125085,0.58402723,0.63073635,0.7477331,0.54985404,0.68337584,0.9859083,0.61374307,0.7317702,0.6385048,0.6635171,0.62564224,0.74587333,0.7199772,0.6939887,1.0135819,0.6917471,0.71903485,0.9503131
207,0.54828423,0.5323376,0.9069332,0.5652939,0.55426365,1.0,0.50951797,0.56172305,0.82493824,0.48261896,0.6173295,0.858766,0.47470748,0.67971706,0.93801826,0.6210698,0.5468043,0.80138624,0.6321458,0.6141648,0.76112294,0.6313547,0.6851421,0.84339726,0.5823035,0.62275445,0.7809435,0.5514488,0.6828817,1.0342181,0.60841143,0.7303505,0.8805988,0.6614183,0.6168774,0.73627424,0.7128429,0.6887588,0.982488,0.6922731,0.7204047,0.87656254
208,0.547648,0.5135213,0.8847355,0.561185,0.54107875,1.0,0.5019606,0.55074805,0.8551291,0.48334718,0.6048961,0.8344659,0.48165506,0.66484576,0.91592205,0.6204094,0.5314095,0.8113191,0.64240706,0.6029623,0.81145096,0.6559441,0.66774654,0.8576501,0.5772602,0.61456543,0.81958973,0.55357045,0.6822505,1.0056429,0.6094106,0.7272127,0.9087444,0.65932834,0.6087638,0.7218916,0.7058618,0.68466777,0.9353209,0.6889406,0.7223781,0.8499284
209,0.5488633,0.4924027,0.9266663,0.55336225,0.52453834,1.0,0.49307573,0.53713554,0.884943,0.48587734,0.5906094,0.8653209,0.49127614,0.64511144,0.91658163,0.61364883,0.51194113,0.87555414,0.6505406,0.57055664,0.750412,0.6775346,0.63225716,0.69785595,0.5686589,0.6080912,0.92524207,0.5560617,0.6800751,1.0415397,0.60645044,0.7258363,1.0102257,0.6469414,0.5998644,0.792755,0.69463074,0.6728767,0.984003,0.68653256,0.7201804,0.9756999
210,0.5473317,0.47334868,0.91603506,0.54924816,0.5067501,1.0,0.4879209,0.5177014,0.8872603,0.48696268,0.57245785,0.86650157,0.4955868,0.6233813,0.90294015,0.6105754,0.49579883,0.836429,0.66327846,0.55712605,0.84044075,0.697775,0.6222862,0.85900736,0.5578723,0.5976458,0.8753363,0.55691403,0.67594755,1.012927,0.6048259,0.7246808,0.92758715,0.6393225,0.58997995,0.8031752,0.6853179,0.67101943,0.99089384,0.6824432,0.71975267,0.9531703
211,0.5431077,0.45489472,0.92748606,0.5451202,0.48996925,1.0,0.48273352,0.4991691,0.85608137,0.48575222,0.55264336,0.8398104,0.5008458,0.6032427,0.8702327,0.6075068,0.48076937,0.8146608,0.663856,0.5359686,0.8396273,0.7131616,0.59749275,0.79573166,0.5461264,0.59001786,0.8508465,0.5541763,0.66821676,1.0346675,0.60247564,0.72341603,0.9177693,0.6306502,0.58254296,0.7908343,0.67190593,0.6613169,1.0020263,0.67794335,0.7176661,0.9727393
212,0.5398477,0.43739772,0.9473456,0.5403755,0.47388697,1.0,0.4775747,0.48263234,0.8891994,0.4807411,0.53389823,0.7684101,0.49973965,0.5809422,0.765933,0.6031762,0.4651416,0.85041887,0.6675601,0.51882,0.8611351,0.72561115,0.5767203,0.8331991,0.5377367,0.5809422,0.86647695,0.5482915,0.6593489,1.0708548,0.5957878,0.7220742,1.0170815,0.6200637,0.5737047,0.8220572,0.65911627,0.65271443,1.0384057,0.66967106,0.7166461,1.0070268
213,0.5372417,0.42331102,0.9463239,0.5339613,0.46017593,1.0,0.47054115,0.4682987,0.84841657,0.4781953,0.52390856,0.6863358,0.5000643,0.5670217,0.6894728,0.5973815,0.45205316,0.83690506,0.6673624,0.5020395,0.8513199,0.731876,0.55515,0.8263127,0.5274006,0.5701459,0.84672034,0.5394286,0.65074885,1.0260577,0.58426005,0.72072977,0.9480734,0.608316,0.5632728,0.79819536,0.6465868,0.6426261,1.031167,0.6575213,0.7144815,0.996806
214,0.53525287,0.41239238,0.94563794,0.5274402,0.44938323,1.0,0.46270624,0.4570365,0.851326,0.47051895,0.5137983,0.66129774,0.50065374,0.5514269,0.60806394,0.5921741,0.44172996,0.8420969,0.6680691,0.49147624,0.8638368,0.73838353,0.53803366,0.8010784,0.51627916,0.5603557,0.84741265,0.5285563,0.6426284,1.0528935,0.56538767,0.7178856,0.92818433,0.59663856,0.55397797,0.8144975,0.63458604,0.6356129,1.0153198,0.6390504,0.7102323,0.99879533
215,0.53279805,0.40371495,0.9741715,0.5202931,0.44009298,1.0,0.45435795,0.44723865,0.91608244,0.460042,0.5050537,0.6799678,0.4930096,0.54467976,0.54472953,0.58622825,0.4329473,0.903882,0.6601211,0.479719,0.9000946,0.73515075,0.5245419,0.8841034,0.5077882,0.55377424,0.89821553,0.52256674,0.640172,1.1010759,0.54302937,0.71487683,1.047077,0.5885019,0.54727817,0.88065505,0.62374306,0.6297783,1.057859,0.6191958,0.7051328,1.0402268
216,0.5305559,0.39867893,0.9865668,0.5151592,0.43517488,1.0,0.4472995,0.4423437,0.95483303,0.44958052,0.50034624,0.7320657,0.48493597,0.5401007,0.5777003,0.58301884,0.42800602,0.9388746,0.65601075,0.47492936,0.9292439,0.73242414,0.51663905,0.9201938,0.49976245,0.54857296,0.93955666,0.5157294,0.6359026,1.1314583,0.5191509,0.7115013,1.0873451,0.5807378,0.5433593,0.93394774,0.6138123,0.6267786,1.096985,0.5978453,0.7017256,1.0737793
217,0.5269868,0.3949833,0.9876357,0.5087764,0.4327047,1.0,0.44162586,0.43985873,0.9690366,0.43934956,0.4970912,0.79193646,0.47463208,0.5387148,0.69305885,0.575927,0.42555064,0.9312063,0.6453539,0.46847495,0.92735875,0.72047156,0.5100986,0.9168869,0.4928424,0.5471696,0.9444382,0.5087764,0.634319,1.1481342,0.49398056,0.7091115,1.0417187,0.5725126,0.5419666,0.95055443,0.6009663,0.6252139,1.0952799,0.575927,0.6987056,1.0547142
218,0.523811,0.39492607,0.9747943,0.5029264,0.43234095,1.0,0.435757,0.43943688,0.95341104,0.42785475,0.4955592,0.8319622,0.46172166,0.53684455,0.77273357,0.5700958,0.42524502,0.87619257,0.63557184,0.46459514,0.92262506,0.70782125,0.5045904,0.9175303,0.48768628,0.5465208,0.93355745,0.5001042,0.6316719,1.1159217,0.46736613,0.70714676,1.0362337,0.5655802,0.54200524,0.93149096,0.58928704,0.62586623,1.1314489,0.556549,0.6994057,1.0404146
219,0.51872015,0.39684558,0.9635415,0.4963813,0.43418333,1.0,0.42936486,0.44152322,0.9318884,0.41707852,0.4957746,0.86213005,0.4494698,0.539814,0.79702353,0.56339777,0.4268434,0.88209426,0.6281803,0.46450025,0.9050177,0.6963137,0.5008806,0.9302372,0.48186108,0.54938775,0.9362147,0.4907966,0.6349135,1.0770378,0.44500205,0.70575947,1.0264566,0.55893,0.5442818,0.9228197,0.57680106,0.6291693,1.1530457,0.53994197,0.7019299,1.0506226
220,0.51494247,0.40162262,0.9792655,0.49005353,0.43765232,1.0,0.4242361,0.44523755,0.94675887,0.40432492,0.4995982,0.90034604,0.43419167,0.5463736,0.8385504,0.555871,0.43006712,0.9080801,0.6200292,0.46799317,0.9217647,0.68418735,0.5008624,0.94163746,0.47512016,0.55395883,0.9761163,0.48065105,0.63929236,1.1196005,0.42312992,0.70819134,1.0345484,0.5514463,0.54890203,0.9569623,0.5647204,0.63486767,1.1739253,0.5237919,0.7075592,1.0676512
221,0.51034373,0.4076487,0.9609847,0.48351502,0.44488043,1.0,0.41945463,0.4527022,0.91247916,0.39317346,0.5052646,0.88836634,0.41835958,0.55094373,0.8776138,0.5475754,0.43705863,0.8745618,0.6110883,0.4733517,0.8987411,0.67350614,0.50338733,0.89446795,0.46654177,0.56095564,0.93511,0.4698269,0.6454309,1.0469363,0.4074091,0.71238536,0.9684368,0.5421002,0.5559497,0.90790516,0.5541457,0.6410507,1.1105143,0.51253384,0.71238536,1.0087754
222,0.5083956,0.41285405,0.9440944,0.4794706,0.45356336,1.0,0.41733536,0.46182767,0.9234308,0.38733903,0.51263773,0.89136684,0.4023372,0.5591627,0.8800738,0.54160583,0.4452991,0.89336383,0.6026698,0.48080492,0.917351,0.6637337,0.5077404,0.90610224,0.45911595,0.567733,0.93608266,0.46232983,0.65037596,1.0359793,0.40447977,0.7146538,0.9622607,0.53517807,0.5622235,0.90892315,0.545891,0.6454786,1.1027267,0.5105382,0.71281725,1.0137223
223,0.5058942,0.41489092,0.9280864,0.4768549,0.4616554,1.0,0.4171924,0.46738786,0.9193908,0.3886811,0.5216951,0.86538184,0.38762516,0.5693647,0.8578024,0.5365174,0.45592302,0.90569025,0.59565187,0.49031758,0.92001736,0.6568983,0.5162643,0.9253334,0.4488716,0.57358855,0.92475307,0.46576717,0.6532392,1.0464492,0.40663266,0.71478736,0.9508526,0.5249017,0.5687613,0.88980377,0.54602116,0.6466016,1.0451692,0.51011807,0.7123737,1.0141404
