0.3265129,0.34663513,0.86160177,0.37355196,0.3823821,1.0,0.4283501,0.37877968,0.97123414,0.45162717,0.430876,0.9383168,0.4593862,0.47576746,0.9673311,0.31875387,0.38598448,0.9576894,0.29838642,0.44362298,0.9817302,0.27898887,0.48075542,1.0098219,0.42641032,0.4818639,0.98528385,0.39343446,0.55114084,0.86376065,0.3788863,0.6109962,0.85535926,0.3662779,0.48574337,0.9155444,0.38470557,0.5577915,1.1213086,0.39634413,0.63427323,0.9848982,0.1
0.32598352,0.34646973,0.87276554,0.37300467,0.38303402,1.0,0.42778188,0.37971002,0.9749114,0.45105007,0.43123245,0.92962253,0.45977566,0.47610685,0.96034694,0.31822744,0.38635805,0.9445163,0.29786777,0.44342056,0.97686076,0.28138614,0.48109287,1.003186,0.42487335,0.4822009,0.96727663,0.39287958,0.5514515,0.85692215,0.37930647,0.61073,0.8514927,0.36573336,0.48607892,0.9079292,0.38512352,0.55809957,1.0989777,0.3967576,0.6345522,0.9718897,0
0.3267726,0.34747776,0.845047,0.37282562,0.3829351,1.0,0.42760444,0.37961102,0.97965187,0.45184287,0.431689,0.9308648,0.4605687,0.47656468,0.9574866,0.31804678,0.38625926,0.9452337,0.29865605,0.4433234,0.98067486,0.28314346,0.48155087,1.0045223,0.42469582,0.48210487,0.9722805,0.39270112,0.5513575,0.84723663,0.37718853,0.6106377,0.8647951,0.3655541,0.48542902,0.91269624,0.38494483,0.55800575,1.0971478,0.3975488,0.6344606,0.9691597,0
0.32647026,0.34832016,0.8472241,0.37225398,0.38384554,1.0,0.4276764,0.38081625,0.9778038,0.4517731,0.43314055,0.9443252,0.4614118,0.47775388,0.9622015,0.31683156,0.38687485,0.9431468,0.3004458,0.44415617,0.9899648,0.28695163,0.48326167,1.0093601,0.4247848,0.4827109,0.99545777,0.39297715,0.5521094,0.8382889,0.37466365,0.6099415,0.88977504,0.36502498,0.48656636,0.91998166,0.3852662,0.5587188,1.0911263,0.39876035,0.6347267,0.9628358,0
0.32737902,0.34964603,0.8604332,0.3723426,0.38445655,1.0,0.42697576,0.3816938,0.9745988,0.4511497,0.4336333,0.93980086,0.4627532,0.4789422,0.9459716,0.31770945,0.38721925,0.94260395,0.3022381,0.44413167,0.9902132,0.2906346,0.48391512,1.0088571,0.42407486,0.4833626,0.98199946,0.39409915,0.5529836,0.85526574,0.3786278,0.61155367,0.8588935,0.3631565,0.48667786,0.9271635,0.38442957,0.5590616,1.0825348,0.39796698,0.63586575,0.95755404,0
0.32866353,0.35112712,0.83572596,0.37161374,0.38532183,1.0,0.42614606,0.38256422,0.9753663,0.45124057,0.4344078,0.94232315,0.46378785,0.4796331,0.944983,0.31708145,0.38807946,0.9328966,0.30356902,0.4443353,0.9907191,0.29391727,0.4856999,1.0059187,0.42325056,0.48459688,0.98271936,0.39429533,0.5546409,0.85828084,0.3807829,0.6136543,0.8576935,0.3634098,0.4873545,0.9264387,0.3846436,0.56015617,1.0852611,0.39815605,0.636267,0.9546261,0
0.3287542,0.35432926,0.8646463,0.372375,0.3866511,1.0,0.42654148,0.38445976,0.96669567,0.45146763,0.4354078,0.93728405,0.4648894,0.4814253,0.9260113,0.31820852,0.3888424,0.92868006,0.30574542,0.44526866,0.98852265,0.29711714,0.48799923,1.0036285,0.4246241,0.48416445,0.9707647,0.39586312,0.55428636,0.88296914,0.38052392,0.61399966,0.86985695,0.36422604,0.48690358,0.9225447,0.38340002,0.5597647,1.0758705,0.39873922,0.6359128,0.9452624,0
0.32489187,0.3570303,0.9075855,0.37328213,0.38901934,1.0,0.42736536,0.3873928,0.9621247,0.4520349,0.43835846,0.93429554,0.46626732,0.4844444,0.9407405,0.3191989,0.39064595,0.9321757,0.30781296,0.44649127,0.9893992,0.30022234,0.49040848,1.0077193,0.4254677,0.4849866,0.9814395,0.39795166,0.55492884,0.96881324,0.38182157,0.6167382,0.8627566,0.36474267,0.48769754,0.9238291,0.38182157,0.5592663,1.0817893,0.39890048,0.6357148,0.9468175,0
0.3280256,0.36261508,0.88696456,0.37533087,0.39282683,1.0,0.429129,0.3922968,0.9669458,0.45417297,0.44264975,0.94104946,0.46715873,0.48823237,0.95157343,0.32153273,0.39335686,0.9434563,0.30761942,0.4490101,0.98819983,0.3020541,0.49406272,0.9987083,0.429129,0.4887624,0.979756,0.4013024,0.55607635,1.0919516,0.38924417,0.6218001,0.86060286,0.36791044,0.49035254,0.90999776,0.37533087,0.5603166,1.1116321,0.39666462,0.6350509,0.95089185,0
0.32711056,0.37032208,0.902012,0.37675905,0.39817682,1.0,0.43092105,0.39817682,0.96558183,0.45709932,0.44872802,0.9610039,0.4697371,0.49463674,0.9703357,0.3225971,0.39817682,0.96019757,0.30815387,0.45337048,1.0060844,0.30454308,0.49876335,0.9940376,0.43362913,0.49051014,0.99414086,0.40293735,0.55653614,1.1482725,0.39661846,0.6251413,0.91359854,0.37224555,0.49154177,0.9045155,0.36502397,0.5606628,1.1380155,0.39391035,0.63442624,0.97696424,0
0.32854855,0.38649747,0.9326446,0.37992597,0.40973964,1.0,0.43387225,0.4104736,0.97140837,0.4629861,0.46087238,1.0108217,0.4732616,0.50637805,0.9462434,0.32597968,0.40900564,0.98369694,0.30971017,0.46429753,1.0297968,0.30457243,0.50931394,0.9960179,0.43815368,0.49903846,1.0005479,0.40561467,0.560202,1.1518736,0.39705178,0.62528,0.9578225,0.37650082,0.49952775,0.9172038,0.34995583,0.5606913,1.1942334,0.3867763,0.63066244,0.9749994,0
0.32846376,0.39286897,0.950282,0.3809387,0.41421875,1.0,0.43509287,0.4154182,0.9806705,0.46531844,0.46579415,1.008946,0.47455403,0.5108927,0.93359953,0.32678455,0.41301936,0.9776733,0.31083217,0.46867278,1.0198025,0.30411536,0.51377124,0.9824223,0.44097006,0.501777,0.9779278,0.40570688,0.55934954,1.1407969,0.3981505,0.6241186,0.96275884,0.37967932,0.50225675,0.8753238,0.34525573,0.55934954,1.2236974,0.38303772,0.62843657,0.980105,0
0.32883212,0.41233227,0.9327049,0.3809464,0.42922217,1.0,0.43306068,0.43011114,0.9170891,0.46806282,0.4803364,0.8743173,0.4797302,0.5243391,0.9241692,0.32883212,0.42833325,0.95365894,0.31016433,0.48433664,0.9966113,0.30471954,0.52789485,0.9983619,0.45406196,0.51189387,0.946117,0.40583682,0.55811894,1.0667372,0.39883637,0.6230117,0.99833626,0.39183596,0.51056045,0.82450104,0.3373882,0.55856335,1.1049942,0.37316814,0.62701195,0.99256617,0
0.32932693,0.41889232,0.9285735,0.3816576,0.43417135,1.0,0.43246037,0.4346079,0.89972126,0.46989396,0.48437387,0.8319117,0.4821172,0.52977437,0.93057096,0.33085483,0.4337348,0.9496018,0.3094642,0.48917586,0.9981417,0.30411652,0.5319571,0.98960966,0.4569068,0.5144954,0.9393055,0.40572205,0.55727667,1.0594454,0.3988465,0.62319475,1.0188155,0.3942628,0.5127492,0.8072274,0.33467457,0.55902284,1.1128331,0.36828843,0.62799674,1.0111116,0
0.32972163,0.4307456,0.9088477,0.3805433,0.44421387,1.0,0.42841873,0.44379297,0.8687152,0.47629416,0.49177364,0.7817329,0.48734236,0.5401752,0.9361968,0.33266783,0.44463474,0.9369364,0.30762526,0.5006122,0.9751531,0.30246946,0.54354227,0.9540806,0.46156326,0.5212354,0.9081769,0.4055858,0.55701053,0.96067905,0.39674726,0.62351,1.0691378,0.39969346,0.51913106,0.8027292,0.33193126,0.5616402,1.1459936,0.3584469,0.63403213,1.0389652,0
0.33439407,0.44706362,0.88981473,0.38339734,0.45906442,1.0,0.42960042,0.45786434,0.9012704,0.4807038,0.50546753,0.78807485,0.49750492,0.5542708,0.8865574,0.33719426,0.4602645,0.90198886,0.30569217,0.51666826,0.91677034,0.2986917,0.55827105,0.9754225,0.46670288,0.53466946,0.8270829,0.40579882,0.55947113,0.7792617,0.3966982,0.6242754,1.0067447,0.40789896,0.5350695,0.7290247,0.33159387,0.56867176,1.0453712,0.34629485,0.64267665,0.98518336,0
0.33794165,0.45673913,0.88060236,0.38646787,0.46916947,1.0,0.43231675,0.46744832,0.84914964,0.48452425,0.5152574,0.72762406,0.50460404,0.56497884,0.8718624,0.34061897,0.47089058,0.8682059,0.30313665,0.5263491,0.93805844,0.2971127,0.5665087,0.9782444,0.4711377,0.5466202,0.75766677,0.4088903,0.5642139,0.6848302,0.3961731,0.62426203,0.9673204,0.4108983,0.54547274,0.68684876,0.32857108,0.569951,0.96369857,0.3466429,0.64223826,0.94574744,0
0.33951065,0.46178952,0.8745887,0.3885216,0.47421613,1.0,0.43428686,0.47254688,0.84286165,0.4868682,0.52076966,0.7140348,0.5076411,0.5693633,0.8726461,0.3427564,0.4758854,0.8647381,0.3018598,0.53115606,0.97079045,0.29601744,0.5701052,0.96737885,0.47323602,0.5497033,0.78173256,0.4096191,0.56639576,0.67019403,0.3972852,0.6242631,0.95028216,0.41286486,0.5482195,0.7002289,0.3265276,0.5689924,0.93858767,0.34600216,0.6428103,0.94435227,0
0.34391335,0.47160488,0.83651686,0.3936657,0.48350993,1.0,0.4390647,0.48191074,0.8108758,0.4925485,0.5313077,0.73281425,0.51555896,0.5785724,0.86075604,0.3482667,0.4851091,0.8351557,0.29913625,0.53877056,0.95395875,0.2947829,0.5767956,0.9513862,0.4801104,0.55796075,0.8122594,0.41107902,0.56613433,0.5007644,0.39801902,0.6240603,0.97352546,0.41791996,0.554407,0.7091062,0.3246343,0.5679112,0.9588896,0.34702286,0.6425397,0.9056246,0
0.34884992,0.48063955,0.80104065,0.39863282,0.49239329,1.0,0.4436461,0.4905195,0.79192245,0.49790055,0.5416225,0.68179,0.52472967,0.586934,0.87377226,0.35361955,0.49426705,0.7928184,0.29578793,0.5453701,0.92480826,0.2945955,0.58523047,1.0026915,0.48239928,0.56615204,0.82760656,0.4144322,0.5664927,0.31220573,0.39773855,0.6240688,0.9179773,0.41860563,0.5641079,0.67477393,0.32440564,0.5671741,0.88978183,0.34825373,0.64212525,0.8699247,0
0.3539079,0.48844832,0.82050765,0.40517545,0.5009784,1.0,0.4496485,0.49903712,0.8325664,0.50153375,0.54986346,0.67356855,0.5355062,0.5943365,0.87081903,0.36070243,0.50291973,0.80652755,0.29399285,0.5505694,0.94574046,0.2958459,0.590454,0.9942747,0.48856243,0.57492363,0.888661,0.42123517,0.56504077,0.23016258,0.39838096,0.6246911,0.8991909,0.42741197,0.57315886,0.7344302,0.32734764,0.5671585,0.8978534,0.34958416,0.64233917,0.864992,0
0.36149675,0.49729055,0.796017,0.41181198,0.50998604,1.0,0.4575531,0.5088659,0.8369342,0.511789,0.558901,0.76061773,0.54576814,0.60146827,0.8982738,0.36607087,0.51110625,0.78088295,0.29419196,0.5533001,0.9488318,0.29419196,0.593627,0.9905139,0.49087876,0.58317184,0.9127251,0.41834643,0.5659956,0.23327257,0.3987431,0.62611246,0.8745785,0.435336,0.5820517,0.78997314,0.3314383,0.566369,0.8808309,0.3490813,0.64254194,0.8525106,0
0.3686798,0.5047008,0.7884023,0.41969717,0.5170272,1.0,0.46455136,0.5164402,0.8146744,0.5200199,0.5665282,0.8712486,0.5563141,0.60722464,0.9152883,0.37484297,0.5176141,0.75044715,0.29677612,0.55478877,0.9274663,0.29335213,0.59392005,0.930358,0.49262804,0.59313744,0.8664473,0.41661558,0.563789,0.13638008,0.39881086,0.62679034,0.88539565,0.44126827,0.5907896,0.75620484,0.33786392,0.5673108,0.84716547,0.35019028,0.6420515,0.87037474,0
0.3784355,0.5099694,0.8262782,0.43006396,0.5233794,1.0,0.47447163,0.52317303,0.85819393,0.53151566,0.57392466,0.91520655,0.56689733,0.6127105,0.920058,0.38565627,0.5235857,0.77257216,0.29972923,0.5545318,0.9069675,0.29250845,0.5924924,0.89844304,0.49757805,0.6044582,0.815094,0.38710043,0.5627841,0.20103481,0.39865363,0.62632674,0.8270591,0.4448665,0.59950686,0.73560166,0.34594208,0.5669102,0.84388846,0.3509966,0.64076835,0.87259567,0
0.38946947,0.51480776,0.83436984,0.43963456,0.5293545,1.0,0.48530725,0.52978235,0.8790901,0.53996474,0.58069617,0.91961724,0.57665265,0.62048596,0.9135401,0.39396185,0.5289267,0.76804304,0.3056114,0.5558811,0.91060805,0.29288295,0.5913924,0.9232675,0.5040256,0.61278474,0.819245,0.38946947,0.5622988,0.23552264,0.40070045,0.6277594,0.77127993,0.4501168,0.6067949,0.7338934,0.3512841,0.5682886,0.8459035,0.35278156,0.64059484,0.88015807,0
0.40972137,0.5214518,0.8415591,0.46131274,0.5368522,1.0,0.509054,0.53949225,0.85927963,0.5544852,0.5918536,0.91889113,0.58605605,0.6336547,0.9257412,0.41357148,0.5342121,0.7159468,0.32193908,0.5535726,0.91588306,0.29498836,0.5848135,0.9091241,0.5144442,0.62309444,0.8070898,0.41203144,0.56501293,0.26919407,0.40356123,0.6283746,0.51898694,0.45823267,0.6169343,0.70882374,0.37122038,0.568973,0.8563049,0.35427994,0.6415749,0.88242227,0
0.41920602,0.5231391,0.8462918,0.46899807,0.5391163,1.0,0.515726,0.5419616,0.87464166,0.55862373,0.5953649,0.91893196,0.58620083,0.63782495,0.94075274,0.42227015,0.5362711,0.6704184,0.32881433,0.55246717,0.9181428,0.29740703,0.580482,0.925823,0.51725805,0.6264439,0.7957757,0.42686635,0.5664746,0.2911866,0.4038854,0.62775713,0.5487189,0.46363583,0.6203157,0.6884086,0.37860638,0.56997645,0.85689294,0.35485938,0.6417646,0.8579258,0
0.43742126,0.52514803,0.81422365,0.48678702,0.54280555,1.0,0.5316307,0.5458203,0.89616036,0.5670535,0.60051566,0.93598247,0.5889101,0.6401374,0.9498586,0.44194332,0.53979087,0.61200345,0.34396544,0.548835,0.94978714,0.30552799,0.572522,0.9459249,0.5248476,0.634108,0.81339854,0.43139184,0.56778455,0.3630619,0.4050132,0.62549454,0.4881593,0.47510505,0.6267866,0.7141516,0.39144704,0.56950724,0.8528218,0.35602427,0.6409988,0.84409034,0
0.45834398,0.52800393,0.80829465,0.5049743,0.54555637,1.0,0.5471636,0.54957443,0.85053927,0.57899064,0.60202026,0.9612781,0.5915734,0.6405088,0.9300754,0.46278498,0.54153836,0.5973186,0.3613826,0.544499,0.8631363,0.3184531,0.5631088,0.8999014,0.5323603,0.6400858,0.8498442,0.4398399,0.57029897,0.4040589,0.40283173,0.6231678,0.37284157,0.48721036,0.6316268,0.7357961,0.40653256,0.569876,0.84890515,0.35620144,0.6405088,0.8424463,0
0.47779205,0.5288189,0.81578594,0.5238534,0.5479426,1.0,0.567036,0.5526721,0.812585,0.5900667,0.60284615,0.90185624,0.5922258,0.6406823,0.8996453,0.4806709,0.54321307,0.63011616,0.3849496,0.5419793,0.8006903,0.33456996,0.5518496,0.9095339,0.5432856,0.6456174,0.83448315,0.4547614,0.57200146,0.40263197,0.4094197,0.6205304,0.17182034,0.4972242,0.6345133,0.75252265,0.4194956,0.57241267,0.83997273,0.35760063,0.63985974,0.84623134,0
0.49803212,0.5316812,0.8413436,0.5438161,0.55019605,1.0,0.58466953,0.55422103,0.8250072,0.6029831,0.6029231,0.8462509,0.59312195,0.63955027,0.83273506,0.5029627,0.54617107,0.6777068,0.4050554,0.54013366,0.8278334,0.3501146,0.5449636,0.9179302,0.55367726,0.65001523,0.8084241,0.47197047,0.5779683,0.3596028,0.43886513,0.61862046,0.1842787,0.509302,0.63753784,0.75210965,0.43182144,0.57515085,0.8075775,0.35856706,0.6399528,0.83963156,0
0.51739836,0.5344198,0.87980294,0.56418663,0.5547804,1.0,0.60377675,0.5590993,0.8314495,0.60737586,0.6043452,0.6012977,0.5965786,0.63848525,0.60242945,0.5245965,0.5504615,0.7165197,0.42598113,0.54017836,0.83308566,0.3712748,0.53688776,0.8992204,0.5620272,0.6561723,0.817666,0.48500642,0.5928281,0.3999801,0.42886043,0.6240888,0.14548203,0.5231569,0.6425985,0.7525871,0.442537,0.578843,0.8579023,0.3604775,0.6388966,0.87759495,0
0.5463797,0.5410707,0.85488605,0.5999454,0.5614022,1.0,0.63396156,0.563413,0.7972894,0.6034643,0.5937986,0.32392794,0.5104085,0.5933517,0.1761329,0.56592923,0.5593914,0.6857764,0.46192572,0.5455392,0.7714832,0.40562308,0.5303464,0.86110145,0.58156884,0.6590381,0.8023226,0.49946082,0.604076,0.41109878,0.46192572,0.6277589,0.13844293,0.5401238,0.6451859,0.8053652,0.45175996,0.58084005,0.8459797,0.36105016,0.63937694,0.8558309,0
0.5561732,0.54340535,0.8761966,0.6100812,0.5643249,1.0,0.6430696,0.56685364,0.81466055,0.5658284,0.59811795,0.36836302,0.50870204,0.61007196,0.23249489,0.5770927,0.5617961,0.7039221,0.47571358,0.5493824,0.75749314,0.41778263,0.5300721,0.87698865,0.5827249,0.6592673,0.8435651,0.5030699,0.60501444,0.4291627,0.46686304,0.6243248,0.21662548,0.5441043,0.64547414,0.845482,0.45318487,0.5806467,0.86632293,0.3598517,0.63857764,0.8708446,0
0.57532823,0.54740304,0.886078,0.6306092,0.56781447,1.0,0.6612264,0.57024443,0.8442154,0.5931882,0.59988964,0.4232977,0.54386055,0.6086374,0.2530743,0.59999204,0.56538457,0.7446556,0.5013367,0.55469286,0.7780059,0.44520524,0.5303935,0.9132035,0.5863844,0.65383416,0.86138976,0.51069194,0.59988964,0.40890473,0.46221477,0.621759,0.29383436,0.55151486,0.64411443,0.85318613,0.4545605,0.5809361,0.8827592,0.35845658,0.63731056,0.88299704,0
0.59753436,0.55380696,0.8887975,0.6535953,0.5727716,1.0,0.683644,0.57635945,0.86104006,0.58946157,0.5809725,0.38899586,0.5410249,0.60352504,0.25276798,0.6235466,0.5691837,0.75121415,0.5221884,0.56200784,0.7185567,0.47375175,0.53381723,0.8815021,0.58946157,0.6527305,0.8135929,0.50963074,0.5917362,0.41125512,0.4836185,0.6235147,0.25515157,0.55717045,0.6435045,0.8424052,0.4576062,0.5809725,0.84360576,0.35714498,0.6332534,0.8773139,0
0.6169443,0.5594156,0.88374895,0.6729954,0.57960206,1.0,0.7026695,0.5836393,0.8473542,0.6781766,0.5798712,0.3396755,0.527451,0.5761031,0.18784761,0.6433213,0.57556474,0.7787788,0.53969747,0.57072,0.7363329,0.50295806,0.53734505,0.8786676,0.5943355,0.655234,0.7505034,0.51803064,0.59225225,0.34482408,0.48694348,0.6218591,0.29655197,0.56042224,0.6450062,0.82696587,0.46150854,0.5804095,0.8282602,0.35411653,0.6283187,0.84696317,0
0.63427037,0.5653689,0.872604,0.6869346,0.58849657,1.0,0.71716774,0.5926762,0.8423219,0.6966872,0.58543146,0.39652216,0.55234826,0.5898898,0.20319954,0.65670145,0.58431685,0.7684581,0.55429876,0.5759574,0.7707018,0.53186774,0.54084796,0.86375153,0.5962351,0.656765,0.73134106,0.52309036,0.5937909,0.33631817,0.48310456,0.6205409,0.28383148,0.56502664,0.647291,0.80670285,0.46750033,0.5798585,0.79379886,0.35144398,0.6216555,0.791837,0
0.65126926,0.5724603,0.8507753,0.7014135,0.59882194,1.0,0.72849137,0.6028334,0.8441038,0.65929234,0.5913719,0.36947584,0.5790616,0.5993949,0.2910676,0.6743356,0.59481037,0.794748,0.56702703,0.5816296,0.81605285,0.5610097,0.5483911,0.90688986,0.5941049,0.6555565,0.8244946,0.5349347,0.59767574,0.37026268,0.46372995,0.615441,0.30797726,0.5700357,0.6498257,0.87509394,0.47576457,0.57876414,0.83500713,0.3483983,0.6120027,0.82627606,1
0.669231,0.58131754,0.87198555,0.7158312,0.60883385,1.0,0.73861355,0.61268026,0.8153211,0.65783983,0.59847826,0.42195413,0.61020404,0.5949278,0.26367706,0.6930489,0.6049875,0.82911944,0.58120835,0.58723503,0.83676374,0.5874217,0.55350536,0.9137503,0.59156394,0.65706146,0.7851669,0.51493245,0.5972948,0.39936787,0.44969216,0.61268026,0.36594948,0.57292384,0.6505522,0.8738436,0.48283008,0.5759918,0.83576965,0.3461361,0.59966177,0.7844115,1
0.68653846,0.5912448,0.86841065,0.7262694,0.6190266,1.0,0.74718046,0.6223126,0.7763215,0.66667295,0.60737616,0.38103926,0.65098965,0.59960926,0.24029602,0.7053584,0.6157406,0.8010681,0.5997576,0.5930372,0.7977422,0.6112587,0.56017697,0.89529145,0.5861654,0.6551728,0.68895406,0.5202957,0.5936346,0.4102662,0.43351483,0.6019991,0.4761469,0.5715277,0.64860076,0.7868403,0.49311128,0.57332104,0.77927923,0.34777954,0.5852702,0.6989749,1
0.70103014,0.600517,0.8748739,0.73725116,0.6297895,1.0,0.7538094,0.6300852,0.7402256,0.67101836,0.6099788,0.39378494,0.6606695,0.5975602,0.3315131,0.720693,0.62949383,0.81008667,0.61616933,0.59933424,0.810638,0.6358322,0.5674006,0.8494936,0.58305293,0.65433115,0.6422159,0.53234345,0.59933424,0.36492324,0.4319593,0.59637743,0.5849366,0.57477385,0.64841753,0.7633469,0.50543636,0.5703574,0.7773648,0.35227293,0.57272285,0.68009853,1
0.7205567,0.6106663,0.9166045,0.74684846,0.645722,1.0,0.76076764,0.64837325,0.80184346,0.67209727,0.6212713,0.45182824,0.6710662,0.59829366,0.38362002,0.7329293,0.6430707,0.8527491,0.63085526,0.60830957,0.9108741,0.6700352,0.58002937,0.90507495,0.5875511,0.6519083,0.6664593,0.5370297,0.585921,0.5730431,0.43186253,0.58533186,0.6705227,0.58033377,0.65072995,0.7591199,0.5287813,0.5676567,0.816998,0.37721685,0.55292743,0.72960454,1
0.7264665,0.61380637,0.9318018,0.7489382,0.6494109,1.0,0.76528126,0.652913,0.82435936,0.6876517,0.62489635,0.3937851,0.6805016,0.6033001,0.38907212,0.7325951,0.64590883,0.863114,0.63862246,0.6103043,0.8744006,0.6805016,0.58170396,0.9184781,0.5916362,0.6517457,0.6527477,0.5374997,0.5846223,0.5724559,0.4312698,0.5840387,0.7263448,0.58142173,0.65116197,0.76996577,0.53545684,0.56594455,0.8134523,0.3944979,0.54609936,0.65742475,1
0.738067,0.6176525,0.86627215,0.75558126,0.6553976,1.0,0.7680915,0.6576852,0.7655723,0.683022,0.631378,0.41365522,0.6950318,0.60793024,0.348193,0.7430711,0.65311,0.8634561,0.6519967,0.6153649,0.8207444,0.6930302,0.58791393,0.913692,0.5979525,0.6519662,0.6283692,0.53890425,0.5839106,0.64293224,0.43682086,0.5781917,0.7517601,0.58394104,0.65139437,0.7946838,0.5529157,0.5644662,0.8183334,0.4168045,0.5330119,0.6290853,1
0.7489649,0.61917967,0.8881685,0.758304,0.65850204,1.0,0.7705923,0.6624343,0.771404,0.67523545,0.6315381,0.41021246,0.7057103,0.6124387,0.3429707,0.7460157,0.6545698,0.82756066,0.65950644,0.6186179,0.8065702,0.7076764,0.59727144,0.8736355,0.6005229,0.65400803,0.62463796,0.5385901,0.58378947,0.6286955,0.439301,0.57311624,0.70023316,0.58676004,0.65007585,0.7835902,0.5680819,0.56469005,0.81100154,0.43635184,0.5242441,0.6655196,1
0.7544737,0.6177681,0.9129461,0.7593719,0.65947294,1.0,0.770148,0.6631116,0.8029585,0.6770818,0.63120323,0.42758748,0.71822685,0.61161035,0.35714993,0.74859583,0.65583426,0.86262655,0.6663057,0.62056714,0.8045014,0.71332866,0.60321337,0.8417445,0.60066956,0.6569539,0.6274781,0.5487484,0.58250093,0.6437461,0.44980434,0.57242453,0.6875096,0.5908731,0.6530353,0.81144243,0.5771581,0.56626683,0.790818,0.45470256,0.5192439,0.6743816,1
0.7578203,0.61839706,0.89435637,0.762765,0.66134536,1.0,0.77166545,0.66360575,0.73407125,0.68266076,0.6308294,0.3858347,0.7261742,0.6150064,0.36367384,0.7538645,0.65908486,0.8274616,0.67178243,0.62291795,0.7922805,0.72024053,0.6087902,0.78146106,0.6025565,0.6573896,0.6106711,0.55212057,0.5816649,0.71149796,0.45619327,0.57092786,0.63459516,0.59365606,0.6551291,0.7761127,0.58574456,0.5675372,0.74784696,0.47300526,0.51611227,0.66804826,1
0.7617251,0.62153244,0.8541517,0.7632195,0.663658,1.0,0.77069104,0.6653658,0.704611,0.68003577,0.63576406,0.34714773,0.72785395,0.61868614,0.33264768,0.75574785,0.66195023,0.8156916,0.67505467,0.6260866,0.7905383,0.7268577,0.61299354,0.7827064,0.6033274,0.66024244,0.59172213,0.5555092,0.5828225,0.6988143,0.4548918,0.56802166,0.6395851,0.59635395,0.65739614,0.75428396,0.5933653,0.56859094,0.7211815,0.48577437,0.5139416,0.67636,1
0.76628757,0.62202305,0.8509096,0.76275,0.6656291,1.0,0.76830906,0.6647628,0.67774343,0.6803749,0.63646215,0.36028063,0.7329333,0.62029034,0.29749143,0.75719094,0.66649544,0.83376324,0.6783534,0.6295313,0.7755022,0.733944,0.6145147,0.7866152,0.6045696,0.65552175,0.58999884,0.56110793,0.5815935,0.7097784,0.45396975,0.56599927,0.58151627,0.5964837,0.657832,0.7419255,0.5985052,0.57061976,0.71719325,0.49439925,0.51286334,0.658316,1
0.77245224,0.6230809,0.85897666,0.7602116,0.6674701,1.0,0.76397794,0.66451085,0.6911192,0.68865085,0.6386844,0.35759258,0.73761344,0.6246951,0.31700104,0.7564452,0.6704294,0.86308485,0.67829335,0.63222784,0.74515337,0.73478866,0.6182385,0.81070065,0.6067326,0.6537499,0.6193073,0.56059474,0.57896084,0.7557202,0.44948727,0.56443346,0.68676597,0.5916672,0.6575162,0.7818271,0.6039078,0.5719662,0.7328607,0.5040994,0.5133186,0.6640811,1
0.77963173,0.6244932,0.8886089,0.75993586,0.66862386,1.0,0.7640824,0.6647735,0.68451154,0.67389596,0.6351556,0.47915706,0.7039581,0.6227161,0.24828768,0.75578934,0.6724742,0.851888,0.6749326,0.6351556,0.69424343,0.73920333,0.6209391,0.72626054,0.6085886,0.6505569,0.5878549,0.5609038,0.5800664,0.73466015,0.44376513,0.562888,0.64026517,0.59511244,0.6552958,0.7367382,0.6034054,0.57236576,0.68669915,0.5028528,0.51313,0.6711772,1
0.7823822,0.62338024,0.88179505,0.76051056,0.6683734,1.0,0.7639128,0.6633741,0.7080034,0.6754541,0.63560057,0.47094566,0.63657117,0.6228247,0.25766987,0.7571083,0.6733726,0.86536264,0.6764262,0.63560057,0.733104,0.73961097,0.6228247,0.737712,0.6122693,0.65059835,0.62621117,0.55200076,0.5794981,0.7719283,0.44021228,0.561723,0.67372394,0.5937999,0.656153,0.7658565,0.60352063,0.5728324,0.7175049,0.50242496,0.5156189,0.6734954,1
0.787021,0.6253347,0.8988328,0.76059985,0.6683912,1.0,0.76353556,0.6633587,0.7212103,0.6764439,0.635959,0.4980283,0.63436586,0.62197965,0.29517075,0.7576642,0.6734238,0.8904264,0.6754653,0.63763654,0.7154249,0.7390716,0.6253347,0.717183,0.61088043,0.6521751,0.6572762,0.5472742,0.5800414,0.8159704,0.43082568,0.5615886,0.67003787,0.59424496,0.65720767,0.79778576,0.60403055,0.5733313,0.7279183,0.49541056,0.5174137,0.69854605,1
0.7921895,0.6269914,0.91871357,0.76304126,0.66986555,1.0,0.7684391,0.66585577,0.7209767,0.68099445,0.6387124,0.49391103,0.6507667,0.6214394,0.34275144,0.75764346,0.67387533,0.8717803,0.67451704,0.6387124,0.66910833,0.73389304,0.6251407,0.5262799,0.6075841,0.652901,0.6113696,0.54712856,0.5813413,0.7871866,0.4294561,0.56406826,0.579385,0.5935498,0.6559854,0.77909917,0.60002714,0.57393855,0.6706579,0.486673,0.52088577,0.6971542,1
0.7967703,0.6274724,0.92859066,0.76216984,0.67052364,1.0,0.7688667,0.66637796,0.731905,0.68850434,0.63767713,0.48627323,0.64943933,0.6210944,0.30426836,0.75547296,0.6746693,0.8645576,0.6762268,0.63895273,0.65947044,0.7275694,0.6210944,0.29175597,0.60367745,0.6529842,0.6155864,0.54228956,0.5828267,0.78139925,0.4228622,0.5668818,0.5592843,0.5947483,0.6561732,0.7839904,0.5969806,0.5738975,0.6633655,0.47532097,0.5260628,0.6925091,1
0.8013258,0.62806225,0.8901081,0.7634609,0.66974545,1.0,0.77125657,0.6649726,0.74274397,0.69107205,0.6401535,0.5076429,0.6465251,0.62042564,0.38023448,0.7556651,0.6745183,0.90044373,0.67993534,0.6407899,0.7043668,0.735619,0.6223348,0.33713743,0.6075465,0.654154,0.631766,0.5384987,0.584788,0.77150464,0.4148809,0.5701512,0.5449923,0.59640974,0.65733594,0.7872682,0.5908414,0.57333314,0.67693937,0.45608684,0.53260446,0.688262,1
0.8029901,0.62850857,0.8881339,0.76506555,0.6691836,1.0,0.77031666,0.6618487,0.73569894,0.68746626,0.643845,0.5359522,0.6442906,0.6185065,0.4925369,0.7598145,0.67651844,0.8633492,0.67929786,0.6411778,0.70725954,0.73764324,0.62850857,0.5009743,0.61278415,0.6545139,0.6164515,0.5299337,0.58783346,0.7044435,0.39924005,0.57249695,0.5057258,0.59644747,0.65718114,0.7762126,0.58827907,0.57449734,0.7038025,0.437748,0.54649156,0.70317376,1
0.8112207,0.62854296,0.89430827,0.76600313,0.6679808,1.0,0.77314276,0.6625411,0.74065757,0.68865734,0.6489419,0.5213902,0.64700955,0.61902344,0.5320736,0.75886357,0.6734205,0.8413058,0.6791378,0.64486206,0.6370418,0.7350648,0.6305828,0.5533897,0.61250144,0.6543816,0.6026803,0.5244462,0.5931848,0.5658965,0.40664253,0.5809455,0.42076635,0.5946524,0.65710145,0.77831566,0.58275306,0.57686573,0.7219184,0.42806137,0.5646264,0.6893368,1
0.8148871,0.6284925,0.89925873,0.7669202,0.66631085,1.0,0.77359915,0.6611065,0.7415669,0.6958807,0.6423708,0.5615264,0.6533784,0.62155336,0.5168671,0.7602413,0.6715153,0.8308976,0.6813085,0.6465343,0.6410421,0.7408117,0.6340438,0.615106,0.6145192,0.65416735,0.61267793,0.52465725,0.5972663,0.45611486,0.41050822,0.58893937,0.38689795,0.5914465,0.656943,0.7420819,0.5720169,0.5764489,0.73715806,0.41536564,0.5764489,0.66789067,1
0.82159996,0.62711376,0.86856186,0.76715267,0.66494405,1.0,0.7758147,0.66176206,0.7523143,0.7015684,0.6391346,0.57753104,0.6545457,0.6200427,0.46892518,0.75849056,0.66812605,0.78146875,0.6830068,0.6462057,0.60578495,0.7349793,0.63064927,0.3733974,0.6137103,0.64761984,0.5727598,0.56173784,0.5868086,0.36374575,0.41448265,0.5967081,0.33667755,0.59267384,0.65681225,0.66739476,0.55802554,0.57903045,0.6761823,0.40458316,0.5938797,0.62507784,1
0.82236737,0.6277752,0.8665567,0.76766413,0.6653562,1.0,0.7768838,0.66289765,0.7803408,0.69820946,0.6404193,0.570338,0.6564137,0.6193458,0.5218523,0.7584445,0.6678148,0.80677843,0.6822287,0.64322907,0.5983319,0.73508805,0.6319899,0.47956806,0.6097008,0.64463395,0.62848186,0.55930007,0.59054536,0.4053681,0.42899567,0.60880905,0.2174819,0.5912615,0.65446824,0.70872736,0.54454863,0.5800086,0.7393775,0.4080978,0.60880905,0.5650946,1
0.8210287,0.6281861,0.8714983,0.76815474,0.66386,1.0,0.7777103,0.66094786,0.73924017,0.69362164,0.6398347,0.5341047,0.6579476,0.6252739,0.4898382,0.7585992,0.66677225,0.77355313,0.6847031,0.6478432,0.5810824,0.7216512,0.6310982,0.3724616,0.6069848,0.645659,0.58030677,0.5267183,0.58595973,0.49114662,0.38402236,0.608529,0.47807625,0.59424406,0.65585154,0.66468316,0.5292664,0.5815915,0.75422657,0.4209704,0.6281861,0.69184023,1
0.8254948,0.6289639,0.8375652,0.7683121,0.6645442,1.0,0.7759364,0.66236585,0.7381832,0.6971513,0.64276034,0.50107837,0.6641124,0.6275116,0.4848635,0.7606877,0.66672266,0.7631706,0.6857148,0.6485694,0.5484967,0.726378,0.6325945,0.43093833,0.60692966,0.646391,0.5585331,0.51416653,0.5883006,0.4467497,0.36040846,0.6158935,0.5386339,0.59422237,0.6551046,0.66039956,0.51162505,0.5853961,0.7576041,0.42394483,0.6442126,0.7747073,1
0.82290745,0.6314477,0.78131187,0.76935387,0.6663197,1.0,0.77682644,0.66489637,0.7364979,0.7083277,0.64425784,0.4923285,0.6684739,0.6300243,0.44219083,0.7618813,0.6677431,0.7402103,0.69462794,0.65350956,0.56684905,0.6921371,0.6314477,0.40119,0.60495687,0.6463928,0.5532317,0.50283146,0.5923055,0.4080578,0.35337964,0.62148416,0.4845459,0.59250253,0.6549329,0.65583646,0.49411345,0.59017044,0.7592808,0.4343327,0.65777963,0.79846054,1
0.823479,0.6327247,0.787281,0.7679893,0.66621447,1.0,0.7736006,0.6633643,0.7242951,0.70002997,0.6427004,0.4863763,0.66636205,0.62844944,0.49040335,0.762378,0.66906464,0.7700979,0.69504213,0.6526761,0.58085144,0.7062648,0.6312996,0.40606615,0.59403837,0.6462631,0.55955297,0.4917877,0.59852237,0.42732003,0.35586908,0.6234616,0.4632868,0.5878036,0.6541012,0.65329003,0.483059,0.5913969,0.7441833,0.42195797,0.65623885,0.7761322,1
0.8274886,0.633235,0.8107419,0.7665718,0.66589135,1.0,0.7722239,0.6605085,0.7264855,0.69435084,0.6411299,0.47111666,0.65918237,0.6274932,0.4892963,0.76091975,0.6712743,0.7596195,0.68932676,0.6490249,0.5781741,0.71067905,0.63108176,0.4091559,0.5926135,0.6454363,0.55397713,0.48962012,0.59878427,0.42576024,0.35522634,0.6231869,0.45550644,0.58256537,0.654049,0.6524029,0.479572,0.5908893,0.75308776,0.42179522,0.65620214,0.7726444,1
0.82604694,0.6343809,0.8187623,0.76588774,0.6669856,1.0,0.7727099,0.6634416,0.7479222,0.6958054,0.64217764,0.48138866,0.6896034,0.6301281,0.38718098,0.75906557,0.67052954,0.7729639,0.6896034,0.6485568,0.620181,0.669757,0.62729293,0.47793397,0.5916121,0.6457216,0.5699992,0.4886592,0.5968146,0.43184364,0.35469642,0.62304014,0.44360992,0.5829293,0.654936,0.6539265,0.47873604,0.5890178,0.75083804,0.42167783,0.65564483,0.7769266,1
0.82793885,0.63512284,0.80779177,0.76572895,0.66747195,1.0,0.77319413,0.66569453,0.74514556,0.6997865,0.6429435,0.4710753,0.6724141,0.6287241,0.42273203,0.75826377,0.6692494,0.75744224,0.68858874,0.64792025,0.5923841,0.6811235,0.6287241,0.4430516,0.5915413,0.6450764,0.55732065,0.49200547,0.5967304,0.39734975,0.3514111,0.6216144,0.4529994,0.5815877,0.654319,0.6480253,0.48080766,0.5881988,0.74023783,0.42357457,0.65502995,0.77913713,1
0.8285395,0.63669586,0.8374609,0.76599264,0.6670758,1.0,0.77349824,0.66385907,0.75100327,0.7009438,0.6416997,0.48645586,0.67467415,0.6288328,0.42575783,0.758487,0.6702925,0.7608242,0.69218725,0.65099233,0.6072375,0.6684194,0.6274032,0.49399218,0.59336317,0.6445589,0.571825,0.49203718,0.5945214,0.4070782,0.35193214,0.6216846,0.42493826,0.58210474,0.6545664,0.6493236,0.48202968,0.58665836,0.7497157,0.42448655,0.65528125,0.79132634,1
0.8303065,0.6379007,0.8343642,0.7667595,0.66810125,1.0,0.77368045,0.66594404,0.75096023,0.6969207,0.6422151,0.48914528,0.6717536,0.62783384,0.44937786,0.7598385,0.67025846,0.764378,0.69188726,0.6515628,0.6181182,0.67552865,0.6285529,0.4554661,0.59121877,0.6443723,0.5729948,0.4918086,0.59403795,0.39899826,0.35338935,0.6228004,0.41226286,0.5824103,0.6544391,0.65627074,0.4830001,0.5861283,0.74789226,0.42385733,0.6544391,0.79312366,1
0.83283633,0.63929266,0.86817694,0.76743686,0.6676803,1.0,0.7737253,0.663009,0.757571,0.7045527,0.6400113,0.4870386,0.6668222,0.6263565,0.48169565,0.76114845,0.6723517,0.7712564,0.6944912,0.6522288,0.61252815,0.6731106,0.62923115,0.48205134,0.5913612,0.6436047,0.5835559,0.4907466,0.5947347,0.40786737,0.35240147,0.62204444,0.40986675,0.58255744,0.6551035,0.65049666,0.48194283,0.5861106,0.7499937,0.42157403,0.6543848,0.779753,1
0.8344878,0.6405888,0.85696685,0.7681211,0.66695493,1.0,0.77380973,0.6622596,0.76110065,0.7106034,0.6391441,0.4930693,0.67015135,0.626864,0.4693854,0.7624326,0.6716503,0.773548,0.6979621,0.6528689,0.6130636,0.66635895,0.6275864,0.5486351,0.5917755,0.6434783,0.58119667,0.49064538,0.59363556,0.40746024,0.3528556,0.6218075,0.42107192,0.5816625,0.6543136,0.6412324,0.48053238,0.586412,0.74741995,0.4211184,0.65503603,0.79575294,1
0.8369804,0.64204353,0.8496486,0.7704118,0.66631615,1.0,0.7761177,0.6623311,0.7603631,0.712719,0.63986987,0.5010607,0.66833997,0.62682784,0.48508677,0.7647059,0.67030126,0.7809364,0.70130724,0.65218735,0.6119952,0.66960794,0.62755245,0.5071094,0.59226155,0.64349264,0.57890254,0.49082366,0.5934983,0.40222743,0.35134658,0.62030685,0.4337821,0.5795818,0.65363646,0.63736737,0.48067987,0.5862527,0.7459691,0.42108512,0.65436095,0.802631,1
0.8363905,0.6419636,0.8786844,0.77123404,0.66532505,1.0,0.7763443,0.6594847,0.76725453,0.71374303,0.6375833,0.52045417,0.66519505,0.6251726,0.4964226,0.7661237,0.6711654,0.78341925,0.7035224,0.65364426,0.6120286,0.6626399,0.6266327,0.5466123,0.5936507,0.6419636,0.58266723,0.49144447,0.5930506,0.41473114,0.35091093,0.6207923,0.43796954,0.57959735,0.65364426,0.6397115,0.4799463,0.58575016,0.7501456,0.42117772,0.6543743,0.79221386,1
0.83745426,0.64129484,0.88293993,0.7719944,0.664765,1.0,0.7771285,0.65889746,0.76601434,0.71551925,0.6376276,0.52135754,0.6654617,0.6258925,0.49946982,0.7668603,0.67063254,0.7764274,0.70525104,0.65376335,0.60037273,0.66161114,0.6258925,0.559055,0.59486777,0.6427617,0.5772346,0.49218565,0.59362096,0.39821196,0.3497142,0.6207584,0.46043485,0.57946545,0.65376335,0.6386257,0.4806339,0.58628654,0.75602925,0.4215917,0.6544968,0.7973292,1
0.8370702,0.64128226,0.8736374,0.7728952,0.664752,1.0,0.7780292,0.659618,0.764704,0.71770465,0.6383486,0.5342206,0.66636467,0.62514687,0.5241271,0.7677612,0.66988605,0.77462524,0.70615315,0.6544841,0.59870565,0.6637977,0.62661374,0.5399929,0.59577215,0.6427492,0.5755849,0.49309212,0.59507626,0.3894861,0.35062358,0.6200129,0.45510054,0.58165365,0.6544841,0.6302893,0.4815406,0.5870086,0.7559215,0.42121607,0.6544841,0.79940796,1
0.8373452,0.6411373,0.87308186,0.77313125,0.6649882,1.0,0.77826834,0.66021806,0.7674815,0.71662295,0.63820183,0.5348074,0.66782033,0.62572604,0.4839838,0.7679941,0.6697584,0.7763726,0.7037802,0.65214545,0.60653734,0.6652518,0.6264599,0.51031697,0.5959008,0.643339,0.5682299,0.49315843,0.5978388,0.39556783,0.3493192,0.619855,0.46326968,0.5817737,0.65434706,0.63337946,0.48159993,0.5875645,0.75384295,0.4212388,0.65434706,0.8011159,1
0.83759826,0.6421176,0.8665361,0.7728106,0.6648437,1.0,0.7773008,0.659712,0.7685602,0.71315455,0.63771904,0.52725244,0.66312045,0.6245232,0.5336646,0.7683203,0.6699754,0.7826009,0.7028911,0.6509148,0.61109555,0.6682521,0.62818867,0.45165953,0.5951254,0.64285076,0.577555,0.49249136,0.59739846,0.39090955,0.34880373,0.6193915,0.47149426,0.58229613,0.6538472,0.63124967,0.48094505,0.5878682,0.7501372,0.42064756,0.6538472,0.8031132,1
0.83669263,0.64178973,0.86982286,0.77264464,0.66557896,1.0,0.7777685,0.6608211,0.76997507,0.7162825,0.63812983,0.53022474,0.66632503,0.6242223,0.5619718,0.76752084,0.6703368,0.77853376,0.70347285,0.65203744,0.59583867,0.6752918,0.6293461,0.45295548,0.5945913,0.6432537,0.57694554,0.4921146,0.5956752,0.3940363,0.35120907,0.6198304,0.44443685,0.5830627,0.6535014,0.6294497,0.48058596,0.5883554,0.75032616,0.42038086,0.65423334,0.80712426,1
0.83607626,0.641935,0.8708352,0.77261806,0.6657433,1.0,0.777105,0.6602491,0.7742668,0.7142877,0.6382722,0.53729165,0.6642903,0.623621,0.6099514,0.7681311,0.6712375,0.7847898,0.7014679,0.6514583,0.59366375,0.6783921,0.63021404,0.43302518,0.5937812,0.64266765,0.5863056,0.49122238,0.5987139,0.39370322,0.35020405,0.6199581,0.43865028,0.58224326,0.65365607,0.6331345,0.4796845,0.588458,0.74943316,0.41943124,0.6543886,0.80507064,1
0.8349263,0.6421694,0.87350434,0.77159095,0.6659316,1.0,0.7760692,0.66044796,0.76906013,0.71593267,0.6377825,0.5384166,0.66475266,0.6231597,0.6046316,0.76711273,0.67141515,0.7893766,0.70185816,0.6516743,0.5825603,0.67754763,0.62973994,0.4520914,0.5931006,0.6421694,0.58464515,0.4907405,0.59610736,0.40670878,0.35127488,0.6202351,0.4269328,0.58158505,0.65313655,0.6303799,0.47922498,0.5895271,0.75102043,0.41780895,0.65459883,0.8057058,1
0.8346656,0.6421792,0.88335764,0.7705549,0.66525906,1.0,0.77568376,0.6597639,0.7693033,0.7077265,0.63778305,0.5195241,0.662849,0.62239647,0.612772,0.76542604,0.67075425,0.7845311,0.7013154,0.6502389,0.5881293,0.6859288,0.6297234,0.42397183,0.59232724,0.64144653,0.59288764,0.48975018,0.59748495,0.4128793,0.3499889,0.62019837,0.43475217,0.5807873,0.65316963,0.63856995,0.47821024,0.58942527,0.75336134,0.41794622,0.65390235,0.8076994,1
0.83345944,0.6416386,0.89289784,0.7702419,0.6649917,1.0,0.77471185,0.65915334,0.7681618,0.71340996,0.63725984,0.526106,0.6648793,0.6226641,0.6051973,0.765772,0.6708299,0.78470075,0.6993616,0.65039593,0.5825919,0.67892766,0.6292322,0.46311557,0.59208333,0.6423683,0.5899185,0.48863646,0.5956621,0.4192412,0.34815302,0.61974496,0.42589885,0.58058923,0.65331507,0.635978,0.47714236,0.58982384,0.7477397,0.4158405,0.6540448,0.8006182,1
0.83309835,0.641879,0.8883905,0.76934826,0.66519326,1.0,0.7744483,0.6593647,0.7696229,0.71707326,0.63750756,0.5472453,0.6647982,0.6229361,0.6439111,0.76424825,0.6710219,0.7878529,0.6979482,0.6498933,0.572242,0.6775482,0.6294933,0.45196545,0.59084815,0.6411504,0.59047806,0.4875731,0.5952504,0.4147848,0.34732297,0.6192933,0.4357473,0.5793731,0.6535362,0.6295025,0.47609806,0.59087896,0.74372715,0.41489804,0.6535362,0.7983225,1
0.8325426,0.64149964,0.8766798,0.7680582,0.6666732,1.0,0.7738043,0.6619304,0.7638985,0.70868146,0.64004034,0.5337392,0.6639893,0.62252825,0.6513083,0.76231205,0.671416,0.7793616,0.6971892,0.6509853,0.5690698,0.70740455,0.6320139,0.43345946,0.59120494,0.64149964,0.58290875,0.4877745,0.5962602,0.42104256,0.3485903,0.61960965,0.42128557,0.5797126,0.653904,0.63476276,0.4750053,0.59115255,0.74293065,0.41626704,0.653904,0.7968683,1
0.83211565,0.6419586,0.87636423,0.7675985,0.66641486,1.0,0.77334756,0.6616696,0.7603736,0.7030813,0.6404985,0.54120135,0.6634767,0.6229776,0.6741215,0.76184946,0.67116016,0.7739466,0.6954159,0.6514491,0.585206,0.71457946,0.6324681,0.472367,0.5906554,0.6419586,0.5818288,0.48589483,0.59596616,0.42707244,0.34791753,0.62005746,0.42863423,0.5791573,0.6536392,0.6391933,0.4756743,0.59158593,0.7359526,0.41435105,0.6536392,0.78871644,1
0.83186,0.642736,0.8986241,0.76729524,0.666845,1.0,0.77177,0.66100043,0.7600221,0.6988949,0.6405443,0.5447154,0.66309667,0.62301046,0.6827891,0.7628204,0.6726896,0.77119887,0.6950594,0.65223354,0.5952306,0.709123,0.6325079,0.45009774,0.5902215,0.64200544,0.5943908,0.4841052,0.5959791,0.45211965,0.34474757,0.6200881,0.44871563,0.57871497,0.6544252,0.64138174,0.4738771,0.59232616,0.7420744,0.41378713,0.6536946,0.78824306,1
0.8305465,0.6422194,0.89168715,0.766092,0.66592264,1.0,0.77055913,0.65972334,0.75494075,0.6990849,0.6407608,0.55349654,0.6633477,0.62325686,0.70115584,0.7616249,0.67212194,0.7757767,0.69270325,0.6509714,0.6002718,0.70929545,0.63200885,0.43612802,0.5893207,0.6414901,0.59265506,0.48338562,0.59627163,0.44744235,0.3455423,0.61961025,0.4524305,0.5778338,0.6546181,0.6368234,0.473175,0.592625,0.7391373,0.41318762,0.6538887,0.7906436,1
0.831514,0.6428513,0.8998645,0.7658222,0.6656686,1.0,0.7709745,0.6590442,0.761056,0.69369,0.63990706,0.5554255,0.66277623,0.62297815,0.68245316,0.7606699,0.672293,0.7814441,0.69240195,0.6509477,0.60998833,0.7052827,0.63107455,0.4362188,0.59064406,0.6413792,0.59717643,0.4824458,0.59574455,0.44898427,0.34333378,0.62077,0.47162107,0.57647526,0.6538919,0.6415566,0.4721412,0.5928003,0.7461398,0.41160172,0.6538919,0.78132105,1
0.83010083,0.6420602,0.9029801,0.76491565,0.6649257,1.0,0.76943344,0.65828735,0.7584361,0.6932765,0.6398474,0.55185723,0.6622974,0.6228827,0.68543714,0.76039785,0.6715641,0.784462,0.6906949,0.6494362,0.6058206,0.71005684,0.6309962,0.43105173,0.58872205,0.6413226,0.5965924,0.48158604,0.59559155,0.45115203,0.34088933,0.6199323,0.4808653,0.5745233,0.6531242,0.6399813,0.47125968,0.5933787,0.743535,0.4105923,0.6538618,0.7760371,1
0.828931,0.6416794,0.9024082,0.764345,0.6641922,1.0,0.7695119,0.65718,0.7630931,0.6945921,0.63946503,0.54861605,0.6610074,0.62248814,0.68766224,0.7591781,0.67120445,0.7819538,0.6920087,0.6497988,0.6003064,0.7100928,0.6313457,0.4386002,0.5886711,0.64094126,0.59542155,0.48145837,0.5959157,0.45638734,0.34324434,0.62101185,0.46036547,0.5744622,0.6534895,0.63606834,0.4711246,0.59296316,0.74499154,0.41041377,0.6534895,0.7760588,1
0.828025,0.6411313,0.9061561,0.764063,0.66439015,1.0,0.76858556,0.6573755,0.7663203,0.6936402,0.6389161,0.55343556,0.6613361,0.6219334,0.68645483,0.75954044,0.6714048,0.7842406,0.692348,0.6514686,0.61619234,0.70397747,0.630794,0.44311774,0.58768296,0.64039284,0.60438263,0.48043352,0.59756696,0.44379896,0.3421722,0.6204567,0.45629132,0.57476133,0.65368366,0.6448518,0.47009623,0.59313667,0.74739504,0.41065678,0.65368366,0.77493924,1
0.828214,0.6406693,0.90343946,0.7636111,0.6639263,1.0,0.76877934,0.6576506,0.75690794,0.692548,0.63919264,0.55449647,0.66024655,0.621473,0.67911065,0.7584429,0.6702021,0.782804,0.6912559,0.6495291,0.59819865,0.7106368,0.6303328,0.4477049,0.5878913,0.6406693,0.5960392,0.48065054,0.5985851,0.44234306,0.33981627,0.61999637,0.4720575,0.5736787,0.6532207,0.63838935,0.4703141,0.59341687,0.7519505,0.41087943,0.653959,0.7903002,1
0.82852185,0.6401693,0.9021383,0.7633828,0.6630187,1.0,0.76789737,0.656385,0.76128626,0.6930842,0.6379581,0.5531712,0.65954727,0.6217424,0.68438,0.7588682,0.6696524,0.7809285,0.6930842,0.65048844,0.617628,0.70340323,0.6298503,0.43332005,0.58731383,0.6401693,0.6021944,0.48025364,0.59963024,0.43343303,0.34094635,0.6195312,0.48585582,0.574415,0.65269965,0.64142114,0.46993458,0.59225947,0.7518072,0.41059998,0.6541738,0.78955495,1
0.82692224,0.64061725,0.9000684,0.7631853,0.66269064,1.0,0.76769197,0.6560686,0.75655884,0.6917228,0.63841,0.55872864,0.65824485,0.621487,0.69094455,0.7586787,0.66931266,0.779268,0.6917228,0.65018237,0.61208725,0.70846176,0.6303163,0.43962932,0.58742607,0.6398815,0.59808505,0.48055416,0.5994136,0.4406394,0.34149188,0.62001544,0.46749568,0.57455,0.65312546,0.63738966,0.46896562,0.59205586,0.75035584,0.4097354,0.65386134,0.77963376,1
0.8267225,0.64048004,0.9059007,0.76226175,0.6629492,1.0,0.76741856,0.6559506,0.7580233,0.6913548,0.63753325,0.5478827,0.65783525,0.62132597,0.6791625,0.7571049,0.6699478,0.7813909,0.6913548,0.650057,0.61208916,0.70166856,0.63016623,0.42426944,0.58692837,0.6397433,0.602807,0.47992343,0.5999618,0.43845803,0.3419773,0.61985254,0.4691519,0.5740362,0.6530038,0.6403909,0.4683205,0.5925948,0.75415987,0.41030577,0.6537405,0.78716004,1
0.8275605,0.63948745,0.89877295,0.761834,0.66231686,1.0,0.76698905,0.6549525,0.754411,0.6909526,0.6380147,0.5435845,0.657445,0.6210767,0.6825411,0.75667906,0.66968113,0.77650654,0.6909526,0.6490611,0.5937538,0.7064176,0.62991387,0.42703712,0.58527476,0.63948745,0.59622294,0.47959694,0.5997202,0.43016192,0.33912277,0.6196038,0.4805231,0.573676,0.6527433,0.6361469,0.46799815,0.5923559,0.7570232,0.41000423,0.6534797,0.7979214,1
0.8253091,0.63950574,0.90143013,0.7617811,0.66224015,1.0,0.766273,0.6556398,0.7547512,0.6918362,0.6365723,0.5434363,0.65718454,0.62043816,0.67372066,0.75728923,0.66884047,0.77795845,0.68926936,0.64977294,0.6185937,0.7072369,0.629972,0.43811437,0.5853145,0.63950574,0.59345996,0.47879282,0.60137063,0.42931718,0.33761948,0.6197048,0.5015565,0.5750473,0.6527063,0.6393225,0.46724227,0.5911035,0.75999635,0.40948954,0.6541731,0.78770626,1
0.82566845,0.6391888,0.9006241,0.76163805,0.6618738,1.0,0.76676047,0.65528786,0.7517512,0.69120455,0.63699347,0.5391637,0.65662813,0.6201626,0.6748549,0.7565156,0.66845983,0.7773572,0.68736273,0.64797014,0.6162635,0.7104137,0.62967575,0.44628537,0.5849141,0.6399206,0.5882881,0.4786236,0.59894115,0.44296116,0.33903727,0.62089443,0.48985928,0.57466924,0.6523608,0.6400864,0.46709812,0.59162337,0.7565348,0.40947074,0.6538243,0.7841068,1
0.8255094,0.63915193,0.89954174,0.76151156,0.6618255,1.0,0.7666314,0.65524286,0.7532885,0.69111395,0.6369577,0.5409679,0.6565551,0.62086684,0.67894053,0.75639176,0.6684081,0.7779665,0.6872741,0.6479288,0.6106477,0.7103133,0.6303751,0.4487379,0.58487755,0.63915193,0.5880357,0.4786411,0.5989247,0.44196615,0.33784583,0.62086684,0.49339,0.5746379,0.65231717,0.6398729,0.46712148,0.5916107,0.7568573,0.40952343,0.65378,0.7849666,1
0.8271177,0.6394185,0.8906544,0.76095426,0.6625436,1.0,0.7654508,0.65630347,0.75263226,0.6896519,0.63795024,0.5541836,0.656249,0.62106526,0.67109597,0.7564577,0.66878366,0.77416503,0.6883672,0.6504304,0.61077833,0.71149224,0.630609,0.46924603,0.58558905,0.6394185,0.5817212,0.4789567,0.5990414,0.43772992,0.33763677,0.62033117,0.49677238,0.57402647,0.65189874,0.63577193,0.46739417,0.5909659,0.75412977,0.40958145,0.653367,0.7786985,1
0.8262419,0.6392122,0.89619744,0.760625,0.6627387,1.0,0.76577145,0.6568571,0.75416994,0.68857515,0.63774174,0.5527464,0.65641004,0.6208321,0.67308307,0.7554786,0.6686203,0.7766793,0.6872885,0.64876986,0.6025934,0.71173406,0.63038975,0.4640958,0.58564675,0.6392122,0.5843565,0.47885853,0.5980409,0.44206274,0.33733198,0.6208321,0.50841427,0.5727807,0.6517106,0.64153516,0.46727908,0.5906888,0.75422966,0.40938187,0.6539163,0.78277946,1
0.82584757,0.6388732,0.88755167,0.7602608,0.6627564,1.0,0.7654049,0.65724486,0.75318646,0.6882439,0.63740355,0.5558851,0.65609354,0.6205016,0.6769872,0.75511676,0.6682679,0.7795491,0.6882439,0.64989626,0.60584414,0.7139642,0.6300549,0.47301203,0.58536273,0.6388732,0.58715713,0.47862345,0.5969859,0.43177867,0.33587575,0.6197668,0.50714374,0.57250255,0.65136594,0.643993,0.4670493,0.5903721,0.7522439,0.4091786,0.6535706,0.787294,1
0.8266216,0.6392151,0.8917382,0.76108456,0.6623459,1.0,0.76622474,0.65683854,0.75506765,0.6891223,0.6370122,0.5556737,0.6557113,0.6201231,0.6775395,0.75594443,0.6678532,0.77798927,0.6878373,0.6494955,0.6041832,0.7122531,0.63040346,0.44620866,0.58503413,0.6392151,0.5927206,0.47837582,0.59809387,0.42610794,0.3357364,0.61938876,0.5147176,0.57346874,0.6509641,0.64093256,0.46681046,0.5900165,0.75258136,0.40898368,0.6539013,0.78514516,1
0.82521045,0.63909715,0.89522374,0.7596961,0.66258687,1.0,0.7648345,0.6574485,0.7589049,0.68904346,0.63762903,0.5555872,0.655644,0.6207458,0.68071246,0.7545578,0.6677252,0.7813724,0.68647426,0.6493739,0.6013645,0.7121662,0.6302885,0.4383062,0.58499134,0.63909715,0.5920943,0.47965464,0.5979901,0.42404225,0.33578008,0.62001175,0.5155113,0.57343,0.650842,0.6415077,0.46680868,0.5899156,0.7524456,0.40900195,0.6537782,0.78285295,1
0.8246491,0.63913906,0.89334095,0.7591627,0.66261876,1.0,0.7642989,0.65748256,0.761821,0.6872561,0.6384053,0.55525887,0.65515494,0.62079555,0.68283796,0.75402653,0.66775495,0.7830206,0.68597203,0.6501452,0.60521644,0.71422106,0.6310679,0.46618488,0.5845324,0.63913906,0.58951724,0.47924054,0.59658206,0.42874056,0.3354273,0.6200618,0.52297306,0.57297593,0.6508789,0.64462674,0.46768412,0.5899784,0.7506255,0.40861797,0.6530801,0.78287506,1
0.8249842,0.63962567,0.8945961,0.7595004,0.6631045,1.0,0.76463634,0.65796846,0.75724214,0.68502855,0.63815826,0.5519897,0.6554966,0.6212829,0.67646426,0.7543644,0.6682405,0.7824694,0.68502855,0.6484302,0.59622765,0.71584445,0.6308211,0.46102917,0.5848768,0.63962567,0.5827658,0.47830507,0.59413546,0.4299912,0.3370654,0.6198154,0.5140555,0.5720368,0.65063137,0.64478934,0.46674907,0.5897332,0.74891007,0.40896922,0.65356624,0.7961447,1
0.82486254,0.6391669,0.90068895,0.7593199,0.6634012,1.0,0.7644605,0.6582605,0.7594944,0.6860663,0.6384325,0.55120313,0.6552227,0.621542,0.6759849,0.7541793,0.6685418,0.78314304,0.6860663,0.6501824,0.6019068,0.7130545,0.6318232,0.46430403,0.5845394,0.6399013,0.5849236,0.4791571,0.59363586,0.43772078,0.33650538,0.62080765,0.5119036,0.5729731,0.6509169,0.6447208,0.46759075,0.58922964,0.74590313,0.40847382,0.65385437,0.7901667,1
0.82516444,0.63986766,0.8965332,0.75955474,0.6626564,1.0,0.7647006,0.6567755,0.7625242,0.6875127,0.6376623,0.55455536,0.6553511,0.6214896,0.6619624,0.7544089,0.66853744,0.781537,0.68622625,0.65162957,0.5949081,0.7068097,0.6310462,0.44057444,0.58459556,0.63986766,0.58441293,0.47910547,0.5935549,0.43093345,0.33630794,0.6207544,0.50660205,0.5717309,0.65162957,0.64036757,0.46624085,0.5891442,0.74571085,0.40834993,0.65383494,0.7888001,1
0.8249524,0.6389333,0.8929385,0.75935906,0.66281885,1.0,0.76450366,0.6573068,0.7595574,0.687335,0.63746345,0.55598235,0.65389526,0.6220297,0.6570387,0.75421447,0.66833085,0.78246933,0.6847627,0.65069234,0.58302367,0.70534104,0.63084894,0.4299832,0.58444345,0.6396683,0.5820036,0.4776935,0.59336704,0.43375194,0.33621764,0.6205598,0.50283664,0.571582,0.65142727,0.63875914,0.46611822,0.5889574,0.74535406,0.40824172,0.6536321,0.79017055,1
0.82583374,0.6391069,0.8907179,0.75777626,0.6618539,1.0,0.7629127,0.6567175,0.75133324,0.6845824,0.6376394,0.5576404,0.6524799,0.6214964,0.6833581,0.7526399,0.66699034,0.7787053,0.6807301,0.648646,0.578364,0.7064122,0.63103545,0.41516316,0.5844224,0.6391069,0.5769613,0.47912598,0.593613,0.4232164,0.33530644,0.62002885,0.5222432,0.57158136,0.6508473,0.636428,0.46628493,0.5884766,0.74796355,0.4085003,0.6537824,0.7939434,1
0.8240496,0.63794726,0.8904226,0.7579084,0.6617985,1.0,0.7624034,0.65702826,0.7530341,0.68149287,0.6372134,0.5575973,0.6532384,0.621068,0.6605172,0.7534134,0.66656876,0.77961576,0.67892426,0.6489555,0.6025275,0.712316,0.6306085,0.45168424,0.58388644,0.6394151,0.5778432,0.47857428,0.5924466,0.441545,0.33601755,0.62033415,0.51343805,0.5723278,0.6511572,0.6487644,0.46573132,0.5880433,0.7542665,0.40793806,0.6540927,0.78963065,1
0.8248755,0.63672835,0.8851443,0.7570114,0.66197157,1.0,0.76213324,0.65794724,0.7588318,0.68018425,0.63746005,0.5554868,0.6532947,0.6206312,0.67216724,0.75188965,0.6659959,0.7793067,0.6750624,0.6462403,0.61463016,0.7121956,0.63014317,0.47025087,0.58286977,0.6396551,0.5670005,0.47787255,0.5913637,0.43935922,0.33574218,0.6198996,0.5060396,0.5700652,0.6498987,0.65095854,0.465068,0.58770525,0.75134635,0.4074476,0.6535572,0.7889073,1
0.82311857,0.63516945,0.8554801,0.7565801,0.6622235,1.0,0.7616985,0.6592988,0.7461269,0.6746867,0.6395566,0.5597325,0.6529337,0.6212768,0.6766056,0.7514618,0.66514826,0.7661586,0.6734071,0.6475997,0.6278048,0.7117946,0.63078225,0.5861168,0.5825565,0.64028776,0.5573137,0.4789101,0.5905667,0.44737592,0.3355965,0.6198144,0.50955254,0.5684811,0.6505245,0.66058725,0.46611422,0.5869108,0.74712276,0.4059737,0.6534492,0.7804637,1
0.82041967,0.63284606,0.83344966,0.75577193,0.66174096,1.0,0.7602525,0.65991217,0.73463565,0.6706418,0.64162433,0.5675714,0.6527197,0.62114185,0.6898812,0.7512914,0.6635698,0.7674367,0.6706418,0.64967096,0.64532524,0.70648605,0.62992007,0.6290769,0.5823113,0.6408928,0.55512834,0.4786189,0.5911497,0.44036233,0.33652195,0.61967885,0.5103251,0.56822956,0.6504025,0.66844606,0.46581736,0.5867606,0.7459069,0.40693036,0.65332854,0.7687125,1
0.8174891,0.6304803,0.83658695,0.7546301,0.6620015,1.0,0.75976145,0.66053534,0.7344142,0.6673972,0.6422091,0.5729557,0.65200317,0.6216837,0.69689626,0.7494987,0.6634675,0.77083045,0.66868,0.6510057,0.6686729,0.70075095,0.6282812,0.64303577,0.5814471,0.64074296,0.55710864,0.47753736,0.5901626,0.44426912,0.33642533,0.61948454,0.5071659,0.56733596,0.65027267,0.6707754,0.46599182,0.5864973,0.7454339,0.40698135,0.65320486,0.7641867,1
0.8160703,0.62883276,0.82112193,0.7549259,0.6619527,1.0,0.76002127,0.66086084,0.7318828,0.6670309,0.643391,0.5728854,0.6517447,0.6222816,0.70239764,0.74983054,0.6630445,0.75607705,0.6632093,0.651398,0.69959223,0.6925077,0.626649,0.67599785,0.5804096,0.6404794,0.55164325,0.4759546,0.58952564,0.4606502,0.33837968,0.62082577,0.48636395,0.56894505,0.65067005,0.66942924,0.46576387,0.5858861,0.743722,0.40716714,0.6528538,0.7512393,1
0.81136316,0.6257381,0.84370756,0.7542356,0.661284,1.0,0.75931364,0.65983325,0.7398071,0.6653705,0.64459926,0.59083545,0.65140605,0.6228363,0.71009433,0.7491576,0.6627349,0.7673502,0.66283154,0.6525789,0.72517604,0.68568254,0.6257381,0.7004157,0.57904446,0.6409721,0.56012654,0.47494537,0.5894666,0.46194875,0.33910874,0.62066,0.4766798,0.5688884,0.6511281,0.67844415,0.46605885,0.5858394,0.74843097,0.40512282,0.6525789,0.75155294,1
0.8084597,0.62330097,0.86098033,0.75114965,0.6596883,1.0,0.7562439,0.6567773,0.7457441,0.6620006,0.6429501,0.5874833,0.6505386,0.62257326,0.70548856,0.7460554,0.66259927,0.77347094,0.65690637,0.65241086,0.69335246,0.67855686,0.6269397,0.7099837,0.5792194,0.6393114,0.5573818,0.47351414,0.58691365,0.4757077,0.3346964,0.6196622,0.5052156,0.56775737,0.65168315,0.6657306,0.4658728,0.58545816,0.75586295,0.40728918,0.6531386,0.7731448,1
0.80555916,0.620757,0.8689727,0.7508848,0.6591816,1.0,0.7552839,0.6545132,0.75293386,0.65976095,0.64230347,0.5884307,0.64844906,0.6221934,0.7188348,0.7464857,0.66385,0.7913033,0.6534766,0.6509221,0.74334115,0.67358667,0.62434804,0.7232202,0.57680684,0.6401488,0.56382596,0.47248575,0.58628255,0.48706436,0.33548576,0.6200387,0.49844432,0.56800866,0.6516403,0.67302907,0.46620136,0.58556426,0.749963,0.4058711,0.65235853,0.75409037,1
0.7989562,0.619975,0.8724956,0.7491617,0.65838784,1.0,0.7528963,0.6541198,0.75276315,0.6595317,0.64202684,0.5906069,0.6458382,0.6228204,0.7159389,0.74542713,0.66265595,0.7890204,0.6495728,0.65056294,0.7549045,0.6670009,0.6242431,0.7495291,0.5748811,0.6406041,0.55779904,0.47280246,0.5858302,0.46853954,0.3346228,0.619975,0.52028096,0.56616706,0.6519857,0.6700846,0.46657813,0.58511883,0.75070786,0.40557992,0.652697,0.7573531,1
0.7939727,0.6178686,0.8781564,0.74602866,0.65629494,1.0,0.74914193,0.6506022,0.7619749,0.6569899,0.64063984,0.5541444,0.6432916,0.6207151,0.69850034,0.74291545,0.6619878,0.7928911,0.6470275,0.6498906,0.75579715,0.65823513,0.6221382,0.7664615,0.5735549,0.6399282,0.55323505,0.47144043,0.5858467,0.4414662,0.33445764,0.6207151,0.5079786,0.5635925,0.6520254,0.6531866,0.46521392,0.5844235,0.7475841,0.40543962,0.6534486,0.76262486,1
0.78936464,0.61588585,0.90962523,0.7425654,0.6552768,1.0,0.7450951,0.64841044,0.7549112,0.6590856,0.63973725,0.5491636,0.63884807,0.61949974,0.67156506,0.7400357,0.6621431,0.77920437,0.6451723,0.64985603,0.72056234,0.6514965,0.6202225,0.78449106,0.5692816,0.63973725,0.55356586,0.4693588,0.58625233,0.44521207,0.33402038,0.6209453,0.52188146,0.56169254,0.6527471,0.6502987,0.46429944,0.5855296,0.7531073,0.4048517,0.65346986,0.77274126,1
0.7811687,0.614004,0.9210847,0.7417946,0.65471745,1.0,0.7436695,0.6475747,0.76061916,0.6549215,0.63900346,0.52835935,0.6374219,0.62043244,0.619267,0.7399196,0.6618601,0.7793186,0.6424218,0.648289,0.75933737,0.6424218,0.61614686,0.78454,0.57242334,0.6397177,0.56498396,0.4686756,0.5854332,0.4233868,0.33242863,0.62114674,0.52217054,0.56117356,0.65400314,0.6463127,0.46367574,0.584719,0.75696766,0.40367705,0.65400314,0.77774763,1
0.7748862,0.6130825,0.93327194,0.7400183,0.65328735,1.0,0.74126357,0.6458157,0.74645185,0.65533924,0.6372766,0.5547958,0.63292414,0.6187753,0.58560604,0.73877305,0.66075903,0.78502405,0.63915056,0.6479505,0.7675575,0.63292414,0.61450577,0.7983874,0.57190543,0.64012295,0.5569644,0.4685471,0.584619,0.44976342,0.3340568,0.6216216,0.48243582,0.56318843,0.6550664,0.6263424,0.46356598,0.5839074,0.74809325,0.4037925,0.65364313,0.76014566,1
0.76439327,0.61043704,0.9494202,0.7378799,0.6506036,1.0,0.7384964,0.6428522,0.75036883,0.6583395,0.6336914,0.61128294,0.62997633,0.6174838,0.5027852,0.73726326,0.65835506,0.79386586,0.63490903,0.6456709,0.76636386,0.6127117,0.60902774,0.77306324,0.56955034,0.6407381,0.559644,0.47089565,0.5829547,0.497277,0.3352455,0.62171185,0.46137106,0.56708395,0.656241,0.62539357,0.46226338,0.58365935,0.757833,0.40183738,0.65271765,0.7372217,1
0.76044846,0.60972893,0.952075,0.73721755,0.6495534,1.0,0.7384402,0.641868,0.75201976,0.6577432,0.6327852,0.6184989,0.635735,0.61881167,0.49425352,0.7359948,0.65723884,0.8091732,0.63328964,0.6446627,0.77356136,0.6051679,0.60833156,0.7824949,0.5684875,0.6404706,0.56727767,0.4718957,0.58248055,0.5052066,0.33740076,0.6230038,0.4237683,0.56481946,0.65584147,0.6365496,0.46333694,0.5831793,0.75295734,0.40220287,0.6509508,0.7121191,1
0.7525778,0.609219,0.9449005,0.73554873,0.64883775,1.0,0.7391978,0.6425821,0.7422927,0.65770143,0.63285124,0.61302817,0.6406723,0.619645,0.49767256,0.7318996,0.6550933,0.80153465,0.62972504,0.641192,0.75149703,0.5944505,0.60643876,0.7613834,0.56890684,0.641192,0.55667424,0.4740305,0.58350164,0.4944468,0.33658138,0.6217302,0.45185977,0.5640414,0.6557884,0.6428652,0.4630832,0.5828066,0.7566836,0.402265,0.651618,0.7287983,1
0.7450836,0.60811144,0.9461432,0.7330631,0.64760715,1.0,0.73666924,0.64176863,0.73498446,0.6537283,0.63146544,0.62518746,0.6344956,0.6177278,0.4574809,0.72945696,0.65344566,0.8031928,0.6260813,0.6369605,0.74704194,0.58160573,0.60399014,0.7610992,0.56477714,0.64176863,0.54681456,0.47342187,0.5833837,0.47342843,0.33398494,0.62116224,0.44255763,0.55996895,0.6561932,0.644259,0.4626035,0.58269686,0.75067145,0.4037034,0.6506981,0.7148256,1
0.738223,0.6063093,0.94286543,0.7304981,0.646377,1.0,0.73703456,0.64230233,0.73025227,0.65265465,0.63143647,0.6236514,0.6276972,0.61785424,0.44253278,0.72396165,0.6504517,0.7785901,0.6253203,0.63415295,0.71969163,0.5718401,0.60291374,0.7518157,0.56352097,0.6443397,0.5325111,0.47676414,0.58389854,0.4502273,0.3341502,0.6198916,0.47129256,0.5575787,0.65520555,0.64294314,0.46250275,0.58186114,0.7475847,0.40308025,0.6518099,0.7253237,1
0.7299664,0.60484904,0.93722105,0.7299664,0.64531165,1.0,0.73932964,0.64363956,0.7411824,0.6480381,0.6322699,0.5990132,0.62345964,0.6188939,0.39995795,0.72060317,0.6469836,0.7594601,0.62345964,0.63093233,0.7143192,0.56142825,0.6015051,0.72785753,0.56728023,0.6469836,0.531187,0.47598875,0.5854538,0.42241013,0.33085865,0.6195627,0.5130575,0.5590874,0.655678,0.6472478,0.4619439,0.5827786,0.74685925,0.4034237,0.6516652,0.7379679,1
0.7227817,0.60452944,0.9246758,0.72859037,0.64436054,1.0,0.7390461,0.64436054,0.72411287,0.64029807,0.63174736,0.5786108,0.5880197,0.6164788,0.36247522,0.7181347,0.64436054,0.75143456,0.62171024,0.6277643,0.69353276,0.55200577,0.60054636,0.6889733,0.5636232,0.6496714,0.5195968,0.47300738,0.5866054,0.41743448,0.33011323,0.6204619,0.52006674,0.555491,0.6569738,0.6376877,0.4625517,0.5819585,0.7451781,0.40446466,0.65166295,0.7056885,1
0.71593136,0.6029331,0.9211843,0.72745293,0.64243567,1.0,0.7389745,0.64309406,0.7176521,0.6318239,0.62926817,0.54829973,0.56269443,0.61083364,0.33613855,0.71593136,0.64177734,0.7503871,0.61684585,0.6233428,0.69787455,0.54310775,0.5989829,0.68456334,0.5603901,0.6496778,0.52012587,0.47282615,0.5844986,0.3990135,0.32995865,0.62136763,0.5560757,0.5546293,0.65691996,0.629124,0.46245673,0.58120674,0.74799895,0.40369672,0.65165293,0.73500454,1
0.7082252,0.60151917,0.9114649,0.7247484,0.6399375,1.0,0.7355738,0.6399375,0.71774644,0.62390023,0.6249609,0.54412663,0.54869145,0.6067285,0.33584806,0.71392286,0.6399375,0.74232364,0.6136445,0.621054,0.69596964,0.5372962,0.59761226,0.6903323,0.5589472,0.6490537,0.5284251,0.47234318,0.58458906,0.41575783,0.33104184,0.621054,0.54847693,0.55552864,0.6562165,0.63273096,0.46208742,0.5813333,0.7433039,0.40283203,0.65100724,0.7325826,1
0.7007661,0.59973514,0.90666544,0.72147596,0.6374766,1.0,0.73323023,0.63811636,0.72491175,0.6179266,0.62148446,0.5396098,0.5429233,0.6048526,0.3109249,0.70972174,0.636837,0.7378231,0.6078515,0.61764634,0.7104271,0.53060925,0.5965367,0.6568947,0.55747616,0.6496307,0.53696126,0.4746366,0.58502233,0.40625507,0.3302272,0.62148446,0.5314877,0.5541178,0.6566673,0.63306284,0.4612032,0.5811842,0.75074863,0.4018722,0.6502704,0.7220526,1
0.69366944,0.5990137,0.9092407,0.7192986,0.6351593,1.0,0.7296593,0.6351593,0.71945244,0.6118743,0.6189561,0.56703997,0.54207575,0.6046224,0.32176262,0.7089379,0.6351593,0.74417925,0.60424006,0.61521685,0.7108451,0.5257167,0.5958976,0.6358401,0.5627972,0.6494929,0.55462265,0.4733678,0.5859264,0.40686995,0.33049896,0.6214489,0.49082255,0.55516297,0.65572494,0.64293635,0.4602806,0.581564,0.7554366,0.39702567,0.6482466,0.69007707,1
0.6877284,0.5980147,0.89957607,0.7173407,0.6321651,1.0,0.7286473,0.6318574,0.71344984,0.6145052,0.61647433,0.557677,0.54451233,0.60847515,0.30352223,0.7060342,0.6324727,0.7474605,0.6005066,0.61216706,0.7095506,0.5218993,0.59432274,0.6612375,0.56281817,0.64785576,0.55366516,0.4723659,0.58570826,0.3911268,0.3269962,0.6195509,0.4990349,0.5585109,0.6552396,0.64732003,0.45944414,0.58263165,0.76176804,0.3883745,0.64785576,0.7170272,1
0.6815401,0.5965185,0.8846203,0.7151756,0.6283522,1.0,0.7267379,0.62775165,0.720496,0.62477994,0.6175408,0.5760961,0.6016554,0.6145376,0.36536,0.7036134,0.62895286,0.7267109,0.59955317,0.6091319,0.6887847,0.51861745,0.5929147,0.6587453,0.5627642,0.646972,0.5490395,0.47026622,0.58630764,0.37658516,0.32941702,0.61874205,0.4782881,0.5585598,0.65478027,0.6518325,0.45765287,0.58390516,0.783921,0.38092157,0.646972,0.77386785,1
0.6754774,0.59509224,0.8883053,0.7134105,0.6253794,1.0,0.72328347,0.62419164,0.7324879,0.6214357,0.61468977,0.5851085,0.6016897,0.6135021,0.37924445,0.70353746,0.62656707,0.7521963,0.5964934,0.60578185,0.7040356,0.5133524,0.59093523,0.67463565,0.567394,0.6467585,0.57878375,0.46762478,0.59509224,0.39161167,0.3325206,0.61884683,0.46199474,0.5601192,0.6538848,0.6755191,0.4530751,0.58677816,0.8173571,0.36993408,0.6461646,0.7902967,1
0.6709953,0.5930604,0.8633244,0.71204084,0.62215596,1.0,0.7239908,0.6215621,0.7049911,0.6096868,0.60909265,0.5514264,0.5940999,0.6055299,0.24796224,0.7000909,0.62274975,0.7620318,0.5909825,0.6031547,0.6880869,0.50889146,0.5894976,0.6801177,0.56292605,0.6482825,0.5616356,0.4652481,0.5972169,0.34549195,0.3363963,0.62215596,0.4597937,0.55773044,0.6536266,0.65554667,0.44862205,0.5877163,0.81140596,0.35821798,0.64412606,0.8069611,1
0.6676827,0.591957,0.87060755,0.709244,0.61875105,1.0,0.72096646,0.61814207,0.7150496,0.6037422,0.60535395,0.573462,0.5206196,0.60170025,0.25748637,0.6975216,0.61936,0.7729481,0.5866914,0.60048234,0.69907796,0.5025031,0.5876942,0.71131414,0.56324655,0.647981,0.5952245,0.46200743,0.5950017,0.30590734,0.33732343,0.62118685,0.511207,0.5568525,0.65285265,0.6805307,0.44282526,0.5895211,0.81216276,0.34478316,0.6425004,0.80381197,1
0.66327614,0.5888921,0.86649895,0.7062333,0.6149927,1.0,0.71873987,0.6137498,0.7026911,0.59693724,0.6013209,0.573305,0.5044977,0.5944851,0.35557112,0.6937268,0.61623555,0.7522793,0.58279943,0.5988352,0.7020932,0.4990601,0.5876492,0.6856195,0.56648654,0.6473077,0.6101464,0.4664344,0.5988352,0.31165898,0.3413692,0.6205856,0.41161138,0.55669886,0.6522792,0.6767831,0.43815878,0.59137785,0.7807674,0.33049396,0.63860744,0.7688036,1
0.6592691,0.5863834,0.87405014,0.7026024,0.6120977,1.0,0.71482456,0.6111453,0.69658405,0.5903804,0.597812,0.60078156,0.4959361,0.5920977,0.37764716,0.69038016,0.61305004,0.7482419,0.57815814,0.5959072,0.71300274,0.49260277,0.5863834,0.68427384,0.5637137,0.64606583,0.6241691,0.45704728,0.597177,0.29793245,0.3359364,0.61368495,0.3077725,0.555936,0.65114516,0.69187623,0.4359362,0.5946374,0.77452505,0.31815866,0.6352722,0.7460418,1
0.65566593,0.58295065,0.87498355,0.69846916,0.60805327,1.0,0.71085954,0.6074096,0.7026192,0.5824499,0.5938929,0.6064521,0.49008512,0.58938724,0.39800814,0.6860787,0.60869694,0.7530334,0.5734387,0.5938929,0.7250382,0.4844531,0.58552533,0.6785377,0.56330115,0.6447417,0.6471293,0.46530432,0.59775484,0.26769412,0.3391475,0.61191523,0.24162813,0.55428994,0.649891,0.7014174,0.4315123,0.5964675,0.77254844,0.3064819,0.63186866,0.72998524,1
0.64914036,0.5795148,0.8706884,0.6937196,0.604662,1.0,0.7074363,0.6049886,0.73660076,0.5782708,0.5925783,0.5907324,0.49139845,0.5906187,0.3723595,0.6800029,0.6043354,0.7531502,0.56912637,0.5925783,0.74189353,0.47882482,0.5860465,0.6809373,0.562268,0.6467919,0.66968113,0.4548206,0.59845686,0.293275,0.31079537,0.6173989,0.2706635,0.55312353,0.6480982,0.73069835,0.42624417,0.59715044,0.7685032,0.2936495,0.6298093,0.6970192,1
0.6431844,0.57671577,0.8593761,0.6894049,0.602137,1.0,0.70327103,0.6024671,0.7386299,0.57154274,0.59190243,0.5581874,0.48372385,0.5912422,0.3401679,0.6755388,0.6018068,0.7477597,0.5611431,0.5905819,0.7483499,0.46870223,0.58595985,0.682115,0.56229866,0.6467067,0.6737793,0.45021403,0.5991656,0.2966645,0.29884204,0.6189744,0.2574771,0.5507435,0.647367,0.73857427,0.42363727,0.5991656,0.7578132,0.2838204,0.62821853,0.6734689,1
0.63496906,0.57468706,0.84428596,0.68484616,0.5982171,1.0,0.69760543,0.59921134,0.73129,0.56073344,0.5912575,0.56458163,0.4772183,0.5912575,0.38911435,0.6720869,0.59722286,0.7446511,0.5560937,0.58926904,0.7543299,0.46445906,0.58728063,0.64314324,0.5642132,0.6456086,0.67323625,0.44706008,0.59921134,0.3223431,0.27886993,0.6164446,0.22752696,0.55029404,0.6469342,0.74133474,0.42154157,0.60053694,0.74813575,0.27655005,0.62704974,0.67820317,1
0.62702715,0.57185566,0.83958375,0.67758787,0.5948378,1.0,0.6913771,0.59615105,0.74545836,0.55578256,0.59221125,0.5114081,0.47304693,0.5935245,0.39700416,0.6637986,0.5935245,0.7348069,0.5488879,0.5876149,0.73398876,0.45810854,0.5882715,0.6632136,0.56497544,0.6453985,0.6936932,0.45810854,0.60009086,0.30371287,0.29378638,0.6119102,0.14423826,0.5488879,0.64671177,0.746477,0.41903892,0.603374,0.7355252,0.26965514,0.6263561,0.690006,1
0.6200767,0.56970155,0.83635694,0.67031896,0.5915602,1.0,0.6863051,0.5925389,0.74754643,0.5469971,0.5938439,0.46175846,0.47049186,0.5951489,0.4019659,0.65433276,0.5905814,0.7335833,0.5401459,0.58666646,0.7507906,0.44993824,0.5892764,0.6558416,0.5675507,0.6453911,0.7054407,0.45336384,0.5984114,0.3101874,0.2706648,0.6153763,0.14702122,0.5492808,0.6473486,0.76270145,0.41568217,0.6036314,0.72104067,0.26609734,0.6251637,0.67853844,1
0.61183333,0.56708705,0.83819884,0.6637141,0.5880327,1.0,0.6817596,0.5896439,0.7591839,0.54190713,0.5935108,0.4714948,0.4674695,0.5941553,0.43156976,0.6456686,0.5864215,0.7291831,0.5340122,0.585777,0.7534868,0.4437848,0.5896439,0.6610336,0.5678475,0.64764726,0.7205079,0.45280755,0.59802216,0.32246685,0.26896924,0.6147787,0.13390884,0.5475463,0.64700276,0.7796842,0.41333306,0.603178,0.70940757,0.2655857,0.6244459,0.6958492,1
0.6046492,0.56493485,0.8361981,0.6596894,0.5852672,1.0,0.6769242,0.5859026,0.7575904,0.53348607,0.5928918,0.41949221,0.4578753,0.59479797,0.36962563,0.64245456,0.5846318,0.7442455,0.52792645,0.5846318,0.7462051,0.43674874,0.5897149,0.6807945,0.56461996,0.6468995,0.72274303,0.46009916,0.5973395,0.34009415,0.2677364,0.6170364,0.16520073,0.5479411,0.6468995,0.7850086,0.41228643,0.6030579,0.69880664,0.26440063,0.6240257,0.68485117,1
0.5967362,0.562756,0.8256893,0.65388,0.58190864,1.0,0.67036384,0.58159465,0.7472895,0.5242075,0.58975804,0.48640922,0.4472831,0.5935258,0.35259867,0.6373962,0.5822226,0.7490305,0.5220097,0.5841065,0.73280054,0.42970037,0.58975804,0.66322327,0.5626697,0.6481578,0.7133118,0.46156904,0.59666556,0.3571139,0.28464296,0.61613214,0.17843021,0.5472848,0.6469019,0.7902359,0.4132166,0.60231715,0.6819841,0.2637635,0.6236676,0.6854948,1
0.5885627,0.56043535,0.84589475,0.646571,0.5795108,1.0,0.6651774,0.5791982,0.77875715,0.6673664,0.59170663,0.40181002,0.46269578,0.59233207,0.3059467,0.62796456,0.57982355,0.7596517,0.514137,0.58357614,0.72419214,0.42548293,0.5892049,0.66984135,0.5644838,0.6492458,0.748134,0.4616013,0.59545916,0.37829128,0.2678756,0.6192254,0.13910641,0.54478294,0.6461187,0.81623936,0.412349,0.5998372,0.6973793,0.26349765,0.62422884,0.70655453,1
0.5815075,0.55800027,0.8515997,0.64070785,0.5767599,1.0,0.66115886,0.5764523,0.7809919,0.67084616,0.6059756,0.54139185,0.4652596,0.5967496,0.20302257,0.62025684,0.57706743,0.74033403,0.5061617,0.5819879,0.7036308,0.42328122,0.5887537,0.6515373,0.56428564,0.6484154,0.7274148,0.46310687,0.5930592,0.3901999,0.2725895,0.61950713,0.16476266,0.5459873,0.6459551,0.8043208,0.4135939,0.5973646,0.69068205,0.26720765,0.62504274,0.7000383,1
0.57502544,0.5569828,0.87318385,0.6358293,0.57450634,1.0,0.65644974,0.57450634,0.8209265,0.6691392,0.60955364,0.6502116,0.64270276,0.6010939,0.21077478,0.61520886,0.57450634,0.75882864,0.4988884,0.58054894,0.72043097,0.42063648,0.5871959,0.64065737,0.56656575,0.6482263,0.7608019,0.47456685,0.5914257,0.41695988,0.27682212,0.62103456,0.14120218,0.54435915,0.645205,0.83015156,0.41323426,0.59565556,0.7095216,0.27153483,0.62526435,0.73337495,1
0.56835884,0.5555893,0.8833835,0.6284447,0.5727567,1.0,0.6501999,0.5727567,0.8310321,0.66263145,0.6082754,0.64045423,0.47615814,0.59821177,0.21985722,0.60668945,0.5727567,0.7747327,0.49273357,0.57926846,0.7286087,0.41918018,0.5863722,0.5984269,0.5673229,0.647346,0.7827678,0.4606187,0.58992404,0.42473954,0.4305758,0.6230749,0.16620946,0.5424598,0.6437941,0.8432064,0.41503635,0.59229195,0.6997357,0.2741454,0.6254428,0.73976374,0
0.55949926,0.553766,0.8904094,0.6218085,0.5704201,1.0,0.6439183,0.5698458,0.8406013,0.65296316,0.60602534,0.56381667,0.4750803,0.59855974,0.23124862,0.5996988,0.5709944,0.75218,0.48714015,0.57903427,0.69768274,0.42181593,0.58477706,0.5197702,0.5655292,0.64565057,0.79990983,0.47307032,0.5899456,0.4192051,0.41076106,0.6226794,0.2943148,0.5404045,0.6433535,0.8351985,0.41478103,0.58879703,0.67857563,0.27609268,0.62669945,0.6837456,0
0.55242324,0.5520651,0.88580495,0.61471915,0.5681953,1.0,0.6380801,0.5665267,0.79194856,0.64294696,0.59433734,0.41362566,0.48428708,0.5887752,0.27234164,0.5913582,0.5698639,0.72579473,0.48234034,0.57931954,0.65241873,0.41907105,0.5843255,0.464387,0.56507707,0.64550894,0.7569277,0.47357997,0.5854379,0.3993001,0.41128406,0.6227042,0.35401773,0.53684926,0.64328414,0.7999786,0.41517755,0.5859942,0.6613289,0.2837721,0.62826633,0.67439854,0
0.54521877,0.5503064,0.9018401,0.6071408,0.5660931,1.0,0.63095695,0.5633713,0.81470954,0.5356923,0.58405733,0.40142497,0.48139143,0.5818798,0.3637069,0.5833246,0.56881493,0.7450681,0.4709123,0.5818798,0.53226125,0.43471172,0.5829686,0.35006294,0.55950844,0.6444823,0.7702224,0.46900702,0.5835129,0.40476435,0.41756406,0.6286956,0.4364465,0.533787,0.64121616,0.80585766,0.41280085,0.5829686,0.7284826,0.28705147,0.6297844,0.73883533,0
0.5375582,0.5478908,0.9133716,0.60236454,0.56387585,1.0,0.6252099,0.56067884,0.8009209,0.5524776,0.5825252,0.51030767,0.4881375,0.5787953,0.46748486,0.5795191,0.5670729,0.72574115,0.4592311,0.5825252,0.48407674,0.4638934,0.583058,0.31920964,0.5580724,0.6443343,0.7757346,0.4638934,0.5819923,0.38426632,0.43125713,0.6326119,0.46661496,0.5319634,0.63953876,0.8030033,0.41260782,0.5809267,0.7751292,0.29511723,0.63207906,0.76790124,0
0.5316237,0.54696155,0.8939527,0.595792,0.56152457,1.0,0.6208222,0.5578838,0.78444004,0.55437845,0.58128864,0.5677755,0.48975506,0.578168,0.5730344,0.5707618,0.56516534,0.7219772,0.45698828,0.58284897,0.41071746,0.4706411,0.58232886,0.3680967,0.55983955,0.64370155,0.8019941,0.4633596,0.5766077,0.3763487,0.43605396,0.6327793,0.50180924,0.53071356,0.6385005,0.80344594,0.41238907,0.5786881,0.7793815,0.30407667,0.6322592,0.77249515,0
0.5250319,0.5452899,0.91854155,0.58900905,0.55890465,1.0,0.61239374,0.5543664,0.8119644,0.547093,0.581596,0.5852494,0.48443955,0.57756203,0.60489434,0.5656243,0.56344295,0.744024,0.46679068,0.58210033,0.4046859,0.46679068,0.58210033,0.39621508,0.55944717,0.6436192,0.8214865,0.46590826,0.57857054,0.3806892,0.44296473,0.6350469,0.5246866,0.53032655,0.6375681,0.81868243,0.4129617,0.5770578,0.8022785,0.3141281,0.6345426,0.7830227,0
0.51741815,0.54382575,0.93299294,0.5815453,0.55693024,1.0,0.60745096,0.5515914,0.83685935,0.5462966,0.5816832,0.5615059,0.48174474,0.57682973,0.5572099,0.5556396,0.56226915,0.75104797,0.46051058,0.5807125,0.44227025,0.4647574,0.57974184,0.36850667,0.5590371,0.6452643,0.82476497,0.4673055,0.5787711,0.38743567,0.45116755,0.63895476,0.56154555,0.5284599,0.63895476,0.81735086,0.41294608,0.575859,0.8311091,0.324612,0.6384694,0.7966852,0
0.5114276,0.5427014,0.93242586,0.5753886,0.55503964,1.0,0.6018693,0.55015093,0.83411103,0.53016776,0.58879524,0.5045862,0.4796508,0.57901776,0.4506421,0.54890794,0.55992836,0.7688632,0.45276272,0.57901776,0.46800804,0.45683667,0.57808656,0.34093055,0.5578706,0.6474601,0.82264173,0.4690585,0.5794834,0.40538496,0.45194793,0.6414074,0.5575741,0.5269086,0.639545,0.8097441,0.41609716,0.5757586,0.84192103,0.33869213,0.64280415,0.8479631,0
0.5048294,0.5412039,0.91498697,0.5683517,0.5535985,1.0,0.5970142,0.54872924,0.8402678,0.53039324,0.59033966,0.4726993,0.47771627,0.58281434,0.36833513,0.5396892,0.5584678,0.83922124,0.45525107,0.58015835,0.46109223,0.42658857,0.57705975,0.35633087,0.55905575,0.6474433,0.8591037,0.46919498,0.5797157,0.39644593,0.4506031,0.64080334,0.5357368,0.52806926,0.63947535,0.83366257,0.41806728,0.5761744,0.86037946,0.3529957,0.6465579,0.9022831,0
0.4977939,0.5397741,0.90579003,0.5613061,0.5523612,1.0,0.5917773,0.5473264,0.83567524,0.5301007,0.59263986,0.48744655,0.4779693,0.5855072,0.3691074,0.530835,0.55739605,0.8549005,0.4603474,0.58382887,0.46156865,0.4199639,0.5779549,0.40157145,0.56314176,0.64592505,0.838691,0.46475288,0.5783745,0.3363024,0.4456625,0.639212,0.47261482,0.530835,0.63963157,0.8362895,0.41776118,0.57753533,0.850271,0.3670982,0.6509599,0.8877844,0
0.48992077,0.5384914,0.8933395,0.55491245,0.54975134,1.0,0.5874083,0.54323244,0.88138664,0.5445415,0.59380347,0.4507184,0.48577237,0.59498876,0.34793615,0.52241665,0.5562703,0.8480685,0.45327652,0.5866919,0.45519966,0.4221635,0.5799755,0.41052377,0.5666663,0.6455598,0.8624575,0.47125295,0.58076566,0.3368255,0.44774532,0.63726294,0.39180028,0.53071344,0.6400286,0.8364805,0.41663226,0.57839507,0.8441831,0.38067943,0.65662223,0.8564611,0
0.48307273,0.537773,0.86658347,0.54765075,0.5491556,1.0,0.5826707,0.54254633,0.8255226,0.5428315,0.59395176,0.40104032,0.49078354,0.596522,0.31327254,0.5126308,0.55576485,0.80430794,0.46315312,0.5913815,0.4759614,0.42267138,0.5825691,0.28931785,0.56789166,0.64535713,0.8209273,0.485643,0.58220196,0.2834444,0.43552274,0.6376463,0.31825292,0.528695,0.6398495,0.7797099,0.41303286,0.57889736,0.8296095,0.3943984,0.66151315,0.7932159,0
0.47489658,0.53671926,0.87079453,0.5394616,0.54830444,1.0,0.5753311,0.5420662,0.8585606,0.5397735,0.5923281,0.425445,0.48924437,0.59910095,0.3003494,0.50359213,0.5545426,0.8200785,0.46304408,0.5941104,0.5282806,0.41563398,0.58412933,0.2929983,0.56722146,0.6440157,0.8602431,0.4948587,0.5880504,0.274988,0.42935795,0.6415205,0.33802766,0.52854484,0.6386687,0.8071722,0.41126725,0.5802082,0.87319815,0.40003857,0.6639779,0.8082889,0
0.46647137,0.5356458,0.84849834,0.5323507,0.5476714,1.0,0.57017034,0.5422686,0.8849205,0.5372307,0.58932525,0.43707767,0.4853812,0.59594804,0.27379274,0.4945311,0.5530742,0.81007737,0.45671147,0.5973423,0.52446455,0.4140119,0.5868853,0.3149832,0.56773037,0.6423076,0.8942323,0.49209112,0.59141666,0.25829402,0.42621177,0.6377762,0.2937252,0.52808076,0.6377762,0.8177329,0.40852195,0.5809596,0.88889813,0.39937204,0.66531307,0.8093308,0
0.45811695,0.53528017,0.847849,0.5240132,0.5464055,1.0,0.5629519,0.5407573,0.91437346,0.5312019,0.5886818,0.45568326,0.48028207,0.5951859,0.26781905,0.48507452,0.5520538,0.81284547,0.45392355,0.59758216,0.5056913,0.41318765,0.5859433,0.29121608,0.56534815,0.6417412,0.9288715,0.47788584,0.5934743,0.26781952,0.4281641,0.6390027,0.33281958,0.52700853,0.637291,0.862286,0.40599898,0.5804662,0.90134597,0.4000084,0.66433424,0.8256335,0
0.44976228,0.5352594,0.8509927,0.516874,0.54611945,1.0,0.55785376,0.5410288,0.9297893,0.58398575,0.58922035,0.6804097,0.5863614,0.62485486,0.3810612,0.4758943,0.5512101,0.78349066,0.45154402,0.5960078,0.42052263,0.4117521,0.58141464,0.32414496,0.5631989,0.64114493,0.9556385,0.46757957,0.5936322,0.27813482,0.43253893,0.63809055,0.29408562,0.52400094,0.6357149,0.8868007,0.40343738,0.57903904,0.90257406,0.40165564,0.66354376,0.83431137,0
0.44159228,0.5357539,0.86357796,0.5098243,0.54567236,1.0,0.5529182,0.5402001,0.88775945,0.5858372,0.5908184,0.8508135,0.5870342,0.62775606,0.8539257,0.4667304,0.55114466,0.73890686,0.4439864,0.59492254,0.32600236,0.41406006,0.64348876,0.1875253,0.55830497,0.63938457,0.94316477,0.46074513,0.57713777,0.19055942,0.4290232,0.6356224,0.26980686,0.51880217,0.63459635,0.8630589,0.39909688,0.5788478,0.8802767,0.40268806,0.66195756,0.8246527,0
0.43534023,0.5367669,0.8624972,0.5035503,0.54550314,1.0,0.5488277,0.540127,0.92147565,0.5829328,0.59086454,0.9080671,0.5846968,0.6288337,0.880436,0.45827293,0.5508793,0.76254994,0.44180843,0.5965767,0.3840387,0.41299555,0.6489943,0.24658412,0.5541199,0.638578,0.98312914,0.49531806,0.5972487,0.19362637,0.43298817,0.64126605,0.20868772,0.5129586,0.6342098,0.8639474,0.39065087,0.5794402,0.88273954,0.40241122,0.6624347,0.8476159,0
0.43002343,0.5371557,0.86260784,0.49735126,0.54531664,1.0,0.5442767,0.54081976,0.9529248,0.58041805,0.59111786,0.95466524,0.5839156,0.62742573,0.90073955,0.4504258,0.54981345,0.8216069,0.43701854,0.59611434,0.446818,0.4055406,0.64408076,0.2182565,0.54777426,0.63741875,1.0377368,0.49297932,0.59444886,0.18033731,0.43993315,0.6294244,0.18651381,0.50580364,0.63308847,0.90384215,0.3828065,0.5807918,0.8892499,0.40087718,0.6627344,0.8676136,0
0.42431977,0.5375506,0.8700747,0.49098605,0.5448635,1.0,0.5380096,0.54061186,0.90967274,0.57908076,0.5923122,0.93400776,0.5832474,0.6280263,0.91738874,0.4439625,0.54911524,0.82397026,0.4267007,0.596734,0.4653659,0.40467703,0.64435273,0.2616209,0.54396194,0.6365296,1.010155,0.47015283,0.5987748,0.17816406,0.44277203,0.6304073,0.1881367,0.49931934,0.6324481,0.84539723,0.3731296,0.58142793,0.8989741,0.39991516,0.66340023,0.85681057,0
0.41860208,0.5376593,0.8743188,0.48386478,0.5443617,1.0,0.5310825,0.53972155,0.9104235,0.57619494,0.59230983,0.9421625,0.58341295,0.6287435,0.9470407,0.43664706,0.5490018,0.8234727,0.41980508,0.5964344,0.5639979,0.40356457,0.64489806,0.28635886,0.538902,0.63527405,0.95041215,0.46311304,0.5792487,0.1948241,0.44326356,0.63527405,0.1905813,0.49318802,0.63183695,0.83341414,0.3632641,0.58302957,0.9160461,0.39995557,0.6624275,0.8632274,0
0.4137006,0.53861934,0.8606293,0.47635847,0.54361135,1.0,0.5233519,0.5389636,0.88804656,0.57335776,0.5926704,0.94179034,0.58299744,0.62950766,0.9433621,0.42936507,0.548259,0.8073531,0.41490558,0.5964574,0.6447506,0.39743367,0.6453443,0.31837952,0.5335941,0.63432753,0.90911627,0.46370643,0.5799322,0.16731301,0.4522593,0.64465576,0.16611716,0.48720315,0.6315733,0.7874458,0.3540551,0.58509636,0.92773044,0.3992411,0.66359085,0.8470782,0
0.40843844,0.5400272,0.8277849,0.46980327,0.54315186,1.0,0.5171939,0.53898567,0.8204826,0.5712679,0.59279925,0.9160603,0.5815966,0.6309895,0.92688423,0.4224126,0.5473181,0.74641544,0.40722328,0.5959239,0.5204938,0.3956794,0.64557123,0.3509403,0.5287378,0.63307256,0.82648265,0.46190482,0.5959239,0.1783757,0.43274134,0.64001626,0.20261402,0.47952443,0.6296008,0.7017291,0.3452509,0.5868971,0.90109116,0.39750212,0.6632776,0.8197822,0
0.40318996,0.54187304,0.8281841,0.46248844,0.5431084,1.0,0.51066846,0.53904927,0.81950283,0.56749624,0.5930533,0.92998874,0.5817031,0.6318797,0.9325938,0.41430843,0.54716754,0.7635561,0.40010148,0.5948181,0.5502008,0.3908361,0.6403509,0.37568244,0.5248754,0.63082075,0.8196092,0.4581646,0.5972889,0.2064202,0.44025153,0.64635134,0.253124,0.47422463,0.62764406,0.71026844,0.3383322,0.58881766,0.90493655,0.39392456,0.6629408,0.8295511,0
0.39737773,0.54346627,0.8343572,0.45617485,0.54310507,1.0,0.50485635,0.5394923,0.8428831,0.56302124,0.5933219,0.9837774,0.5813558,0.63125557,0.9545681,0.40749335,0.54671776,0.82328296,0.39295214,0.59476703,0.65046155,0.38536543,0.63811976,0.3769178,0.51939756,0.6290879,0.85927546,0.45617485,0.5962121,0.19810207,0.4365758,0.64606774,0.28490677,0.4669227,0.62583643,0.7461841,0.33162612,0.5897092,0.9163611,0.389791,0.66196376,0.8544149,0
0.39146057,0.5454747,0.8231734,0.44903576,0.5432691,1.0,0.4982481,0.53996074,0.8482903,0.55678827,0.592895,0.98390454,0.5793037,0.6307577,0.9560538,0.39982346,0.5465775,0.847275,0.38953066,0.59473294,0.70267487,0.3785946,0.6388449,0.39583173,0.51368725,0.6281845,0.90460765,0.4512873,0.5973062,0.20385024,0.43327495,0.64619684,0.41116816,0.4590069,0.6241409,0.7611885,0.32520083,0.59068936,0.9325514,0.383741,0.659798,0.8619071,0
0.38525975,0.54696864,0.8172506,0.44157428,0.54341394,1.0,0.490031,0.5398592,0.84561354,0.5515841,0.5933674,0.95337033,0.5784317,0.63153404,0.94254005,0.39311758,0.54696864,0.84867966,0.3872242,0.59561247,0.68628585,0.3688892,0.63976604,0.30666277,0.508366,0.62629545,0.9493577,0.44943213,0.5896255,0.17873257,0.4291327,0.64537877,0.4985748,0.45139658,0.62180525,0.7577431,0.31912288,0.5914964,0.9304426,0.3774019,0.65922356,0.87349415,0
0.37804562,0.5476278,0.8139725,0.43525505,0.54418665,1.0,0.48510417,0.5407455,0.8323678,0.54599375,0.592363,0.9262787,0.57677305,0.6313629,0.9125805,0.3854059,0.5476278,0.84492755,0.3827294,0.5950395,0.6198174,0.36265594,0.6413041,0.2741922,0.5031703,0.62486297,0.9481728,0.44629544,0.5900689,0.16082971,0.42889842,0.6455099,0.5231636,0.44094253,0.6210394,0.76464,0.31247225,0.5931277,0.9216469,0.3733618,0.6592746,0.8808842,0
0.37247008,0.5485751,0.81290746,0.42924386,0.5444956,1.0,0.4792184,0.54197013,0.8315622,0.54177153,0.5936445,0.908246,0.5764477,0.63094324,0.90788305,0.37926933,0.54702103,0.8324909,0.37790948,0.5913133,0.56412816,0.35887158,0.6425991,0.26332775,0.4975764,0.6235612,0.9393885,0.44386226,0.5761607,0.1518623,0.4261842,0.6457073,0.6681453,0.43230352,0.61967593,0.7710396,0.30719724,0.5936445,0.91784286,0.36907044,0.65814024,0.88971674,0
0.36722794,0.54860127,0.80899787,0.42362648,0.5444492,1.0,0.47310498,0.5422743,0.8167304,0.5360776,0.5924942,0.8954071,0.57483,0.628874,0.90407324,0.374148,0.54662406,0.8150959,0.373456,0.5901217,0.57550836,0.3637679,0.64350504,0.24952939,0.49248117,0.62254715,0.9034152,0.44058067,0.57588613,0.16367358,0.4253565,0.6454822,0.68872136,0.4246645,0.6197791,0.76346135,0.3007953,0.5948668,0.9170704,0.36653593,0.6577406,0.88619095,0
0.36171433,0.5481859,0.8129333,0.4190156,0.5447709,1.0,0.4685829,0.54215944,0.8276274,0.5283449,0.58916557,0.88563794,0.5719361,0.62693113,0.92075855,0.36944824,0.54738235,0.8481196,0.36944824,0.59358495,0.5537573,0.358902,0.6434034,0.25362006,0.48756614,0.6217083,0.91887957,0.4369442,0.5755057,0.17696863,0.4242887,0.64621574,0.67769134,0.41796094,0.62050295,0.77660507,0.29421842,0.59519196,0.91924024,0.36522976,0.6566615,0.8985613,0
0.35781407,0.546411,0.799426,0.41417867,0.5443595,1.0,0.46336302,0.54107714,0.7936832,0.5236767,0.58744067,0.87780213,0.5681939,0.6243674,0.9224608,0.3649943,0.5476419,0.8248575,0.35996816,0.5956467,0.4826854,0.354224,0.6432411,0.21687227,0.48346758,0.6219057,0.8835256,0.43320617,0.5816965,0.20690247,0.4238719,0.64693373,0.685525,0.41094756,0.6219057,0.7440519,0.28816614,0.59605694,0.8905215,0.3649943,0.6559604,0.8692287,0
0.35256833,0.5439753,0.82122844,0.40903795,0.54356164,1.0,0.45826784,0.5398384,0.8108052,0.51908123,0.5849313,0.8972823,0.5632434,0.6209229,0.9633992,0.35980803,0.5472849,0.8507492,0.35184437,0.5981696,0.35473847,0.34026086,0.6432625,0.20959458,0.47853896,0.6217503,0.89085674,0.43075702,0.5816217,0.19830713,0.42351732,0.6473995,0.794437,0.40759,0.6234051,0.7816962,0.2830673,0.5981696,0.8888216,0.36342788,0.6565008,0.9015176,0
0.348129,0.5407227,0.81409013,0.40438852,0.542184,1.0,0.4533416,0.5378002,0.7814734,0.51325434,0.58247375,0.8892398,0.55563164,0.6171271,0.9539074,0.35543543,0.54656786,0.8459289,0.34739834,0.5987567,0.40735438,0.3452064,0.6413427,0.2208161,0.47453025,0.6217198,0.85772526,0.4248465,0.58623135,0.20946254,0.42338523,0.6484404,0.7658392,0.40365785,0.6229723,0.7579224,0.2772566,0.5991742,0.890138,0.3634725,0.6572081,0.87748927,0
0.34376776,0.53614247,0.7916328,0.40068746,0.53900635,1.0,0.44829956,0.53409684,0.76576406,0.50557727,0.5786916,0.8561668,0.5442397,0.61223996,0.9190549,0.35307539,0.54391587,0.81364566,0.34877956,0.5938293,0.58876526,0.35092747,0.63842404,0.17150974,0.47121066,0.6191951,0.829543,0.37741843,0.5848285,0.16775344,0.42180863,0.64660656,0.72796035,0.40319338,0.62124074,0.714387,0.27288663,0.59996617,0.8644019,0.36166704,0.6568347,0.83238125,0
0.34109548,0.53147,0.78470135,0.39654315,0.5352091,1.0,0.4451029,0.5298956,0.7717794,0.50089496,0.5759462,0.8458704,0.5318906,0.608221,0.91393733,0.3479834,0.5405227,0.7933185,0.3472946,0.58736044,0.6654352,0.3555601,0.635379,0.13132794,0.46714422,0.6156993,0.8158197,0.36726955,0.59050924,0.21108252,0.42168403,0.6460061,0.79322445,0.3996427,0.6180609,0.7155229,0.27015,0.5999555,0.89596605,0.36175922,0.65623957,0.82919574,0
0.3380249,0.5253507,0.7954438,0.39257658,0.53017503,1.0,0.44258222,0.52423745,0.79793763,0.49648443,0.5732226,0.86800134,0.51726604,0.6036528,0.8907583,0.3425709,0.5361126,0.77650356,0.3484157,0.57990235,0.6560993,0.36205363,0.57507807,0.07316423,0.46401322,0.61144584,0.8714143,0.35750765,0.5884376,0.13706015,0.42245007,0.64484483,0.8737547,0.39517426,0.61441463,0.72994256,0.26658824,0.5991995,0.92362845,0.36140418,0.6559778,0.8411315,0
0.334906,0.5192098,0.8317393,0.39003938,0.52425754,1.0,0.44151753,0.5188617,0.84051734,0.49086344,0.56829464,0.92733026,0.5024384,0.598581,0.9140482,0.33856127,0.52965343,0.8205781,0.3483086,0.57177585,0.6623022,0.3696309,0.53209025,0.047716744,0.46466747,0.60554343,0.8701167,0.35744673,0.58744115,0.09130433,0.42202285,0.64453274,0.8549836,0.39156243,0.6093727,0.7228403,0.26545623,0.5978848,0.94564664,0.3629296,0.65671694,0.85795057,0
0.33081982,0.51128346,0.8666258,0.3865252,0.5185891,1.0,0.4397954,0.512675,0.88253325,0.48423797,0.56172705,0.94193316,0.48971722,0.5944284,0.8586557,0.33325502,0.5245031,0.8938768,0.34847507,0.5707721,0.8429002,0.37587118,0.5815566,0.11558535,0.4659739,0.59825516,0.9329457,0.5505974,0.5784256,0.1410349,0.42518416,0.6427847,0.9113449,0.39413524,0.6031256,0.7373448,0.26446036,0.5965157,0.9811136,0.36308634,0.65635234,0.8921366,0
0.32860696,0.5029206,0.8686459,0.38481393,0.5099578,1.0,0.43723166,0.5040033,0.9107867,0.48143938,0.5563308,0.9149199,0.46123013,0.5787053,0.41920537,0.3323962,0.5159123,0.897033,0.3437639,0.56715715,0.8218255,0.36271006,0.5776227,0.34241462,0.47386092,0.58772725,0.9962024,0.41575933,0.5790662,0.1690577,0.42586395,0.6422201,0.93787354,0.4037601,0.5953058,0.7620053,0.26482153,0.5956666,1.018935,0.36397314,0.65701616,0.92261136,0
0.32832628,0.49406767,0.8658411,0.38282168,0.5019465,1.0,0.43534735,0.4963188,0.9316032,0.47671133,0.5480941,0.8770783,0.42155936,0.56872916,0.33787942,0.330296,0.50757426,0.889778,0.339488,0.56722844,0.9613558,0.3506497,0.56760365,0.49785703,0.4747416,0.5792343,1.0068097,0.41433707,0.57660806,0.23509988,0.4248422,0.64113957,0.9380155,0.40908453,0.5863628,0.80477643,0.2646389,0.59461683,1.0310702,0.36509427,0.65727246,0.93755555,0
0.32836846,0.48430768,0.86129093,0.38352144,0.49342546,1.0,0.43520564,0.48827192,0.899354,0.47405553,0.54178965,0.82743967,0.41994318,0.5620074,0.34813568,0.3318372,0.49857903,0.87113786,0.32975596,0.56081814,0.879727,0.34848717,0.5675574,0.56780964,0.47474927,0.57310736,0.959713,0.4157807,0.57072884,0.28624,0.42549318,0.63970715,0.9353217,0.40884322,0.5798467,0.80265,0.2666249,0.5933252,0.9982158,0.3665246,0.6583393,0.92236817,0
0.3280797,0.47236863,0.8876199,0.38372588,0.48434442,1.0,0.4343133,0.47938892,0.88861644,0.47189254,0.5334865,0.8099791,0.41118762,0.55578625,0.2861291,0.33313844,0.48929995,0.87047124,0.32013023,0.5512437,0.88218665,0.32663435,0.568175,0.65305924,0.47478324,0.5673491,0.92931366,0.4090196,0.57602125,0.34872144,0.42491847,0.63961685,0.9519301,0.4090196,0.5723046,0.82735205,0.26809746,0.59295255,0.99239147,0.36782697,0.6594389,0.9211669,0
0.32960728,0.46047023,0.90878725,0.3847134,0.47470507,1.0,0.43453535,0.47082284,0.86908644,0.46548536,0.5251741,0.68362576,0.37188047,0.5519183,0.21800739,0.33489144,0.4785873,0.8598064,0.31450972,0.5376835,0.8914918,0.30394143,0.56744725,0.86019516,0.47378904,0.56227094,0.8906006,0.40962437,0.57736856,0.48032415,0.42396706,0.6399155,0.93180096,0.40585,0.56615317,0.8443294,0.2707268,0.59332883,1.0392241,0.36886096,0.6606208,0.92868817,0
0.3312201,0.44750997,0.92514443,0.38604704,0.46486527,1.0,0.43614072,0.46103358,0.8681053,0.4574404,0.5155788,0.5218876,0.32333133,0.5520925,0.21675047,0.33595335,0.46869698,0.8888906,0.30755377,0.5282008,0.9189439,0.29177624,0.56471455,0.86865985,0.47242907,0.5570512,0.86861026,0.4101078,0.5741811,0.58415204,0.42430755,0.639996,0.9316604,0.4030079,0.5602067,0.8435184,0.2759987,0.5935649,1.0454158,0.3714528,0.6620845,0.97107583,0
0.33391643,0.43524036,0.92888176,0.38798422,0.45505148,1.0,0.43792468,0.45174962,0.89846903,0.46681586,0.51071125,0.7053442,0.45525938,0.5569371,0.16918708,0.33804372,0.4583533,0.91420233,0.3017234,0.5173149,0.9484274,0.2769595,0.5588239,0.96078837,0.47094318,0.5531636,0.85129476,0.40738258,0.5720313,0.56388867,0.4238918,0.63995504,0.9245403,0.40490618,0.555522,0.8642023,0.28191227,0.5923141,1.0701537,0.37271315,0.66212463,0.95482767,0
0.33788884,0.4226818,0.9039467,0.39248055,0.4450343,1.0,0.44363338,0.44282362,0.8972038,0.47630242,0.5047229,0.8390689,0.47200388,0.5518842,0.6432146,0.3413277,0.44724497,0.8525108,0.2983421,0.5037404,0.95625085,0.26395363,0.5499191,0.9344708,0.47114414,0.5435327,0.83162177,0.40408665,0.5734998,0.7022748,0.42386,0.64031166,0.9248514,0.40666577,0.54402393,0.87232006,0.28802556,0.5892202,0.98767924,0.37485644,0.6619273,0.95359087,0
0.34128723,0.41052133,0.9033046,0.396398,0.43510035,1.0,0.44792438,0.4335642,0.91890204,0.47928825,0.49552384,0.87022805,0.47839212,0.5431457,0.7708153,0.34487167,0.43663654,0.85232544,0.29379338,0.49449968,1.0001571,0.25257227,0.5380251,0.96474105,0.47032714,0.5390492,0.8581829,0.40311885,0.5738695,0.8744402,0.4237294,0.642486,0.9388418,0.4067033,0.53751296,0.9046394,0.29827392,0.58615905,1.0260681,0.37892386,0.6624564,0.9730389,0
0.34469596,0.39804402,0.89820415,0.4015646,0.424414,1.0,0.4528396,0.42308217,0.93742156,0.4836046,0.48434585,0.8899262,0.4817401,0.532824,0.8281814,0.3502896,0.42574582,0.88708746,0.2924887,0.48221493,1.0141866,0.24587505,0.5258986,1.0153267,0.46775597,0.53016037,0.8930267,0.4015646,0.5722459,0.93602216,0.42487144,0.64363134,0.9728519,0.4052937,0.5285622,0.94034505,0.30740505,0.58396584,1.121245,0.3819869,0.6628095,1.0024555,0
0.34729606,0.38607553,0.88979363,0.40607893,0.41388384,1.0,0.45907992,0.41305783,0.9452654,0.48798954,0.47142774,0.8985989,0.4870259,0.5231897,0.83799577,0.35307798,0.4147098,0.8858671,0.29140413,0.47032642,0.973809,0.24225777,0.5138285,0.9954897,0.46678916,0.51878446,0.86880803,0.4051153,0.57385045,1.0370945,0.42535204,0.6432335,0.97005963,0.40415165,0.51823384,0.90841174,0.32031375,0.5799077,1.0732868,0.38391492,0.6619559,0.99479973,0
0.35187188,0.3750697,0.8793349,0.41022247,0.40276152,1.0,0.46362808,0.40276152,0.9555976,0.4903309,0.46097085,0.8877189,0.4913199,0.5123985,0.8680844,0.35681683,0.40276152,0.8757435,0.29352129,0.45871028,0.94683033,0.24110463,0.5027911,0.9739654,0.4656061,0.5084425,0.85445267,0.40626648,0.5683473,1.0606909,0.42604637,0.6389896,0.9585165,0.40231052,0.5078774,0.8834051,0.33209202,0.5745638,1.0377483,0.38450864,0.6593346,0.99168205,0
0.3532613,0.3651591,0.8792958,0.41403,0.39229712,1.0,0.4666281,0.3920053,0.94901466,0.4931825,0.4503666,0.8773607,0.49420384,0.5028917,0.8636097,0.36143187,0.3925889,0.87243354,0.29810986,0.44744852,0.93291533,0.24193713,0.49297032,0.9570931,0.46867076,0.49647203,0.8639041,0.4073914,0.5606695,1.0319624,0.42679653,0.6318702,0.9247315,0.4073914,0.49705562,0.86546594,0.3399841,0.5676728,1.0232644,0.38594362,0.6552147,0.96487474,0
0.35533294,0.35671848,0.880635,0.4180531,0.384265,1.0,0.47040623,0.3839688,0.9581381,0.49528694,0.44320855,0.87960625,0.49736035,0.49533957,0.8794856,0.36569992,0.3845612,0.89314836,0.30349815,0.4390618,0.94965667,0.24647985,0.48467642,0.97043973,0.47040623,0.48941562,0.88585746,0.40924117,0.55398697,1.0405997,0.4299751,0.6227051,0.93616325,0.40820447,0.49000803,0.88067764,0.34807608,0.56287295,1.0367271,0.38850725,0.64936304,0.9718065,0
